"timestamp","run_id","architecture","partitions","target_rate","replication","synthetic_cost_us","persistence","events","seconds","throughput","mean_us","p50_us","p95_us","p99_us","max_us","cpu_avg","cpu_peak","mem_avg_mb","mem_peak_mb","gc_gen0","gc_gen1","gc_gen2","allocated_mb","windows","digest_hash","warmup_events","measured_events","windows_written","windows_dropped","client_config","dotnet_env","incomplete_records","producer_achieved_rate","producer_jitter_ms","producer_config","producer_dotnet_env","producer_queue_full_waits","broker_cpu_avg","broker_cpu_peak","broker_mem_avg_mb","broker_mem_peak_mb","db_cpu_avg","db_cpu_peak","db_mem_avg_mb","db_mem_peak_mb","consumer_container_cpu_avg","consumer_container_mem_peak_mb","producer_cpu_avg","producer_cpu_peak","producer_mem_peak_mb","lane_hash","sample_hz","cpu_protocol","window_start_s","broker_cpu_mode","broker_throttled_pct","consumer_throttled_pct","producer_throttled_pct","client_placement","profile","extra_args","warmup_seconds","measure_seconds","commit","decisao","lado"
"2026-09-25T05:04:10.6686462+00:00","18773e4f-07e3-4afe-bace-e9e8837d99e0","kafka-direct","4","20000","1","0","1","2000000","89.926","20000.5","3083.8","3077","5427","5807","31679","11.9","58.0","95.5","103.4","193","10","1","1733","20200","753D621FEF0B2E3E","201429","1798571","20200","0","auto.commit.interval.ms=5000;auto.offset.reset=earliest;enable.auto.commit=True;enable.auto.offset.store=False;socket.nagle.disable=False","DOTNET_RUNNING_IN_CONTAINER=true;DOTNET_VERSION=10.0.12","0","19997.7","7.18","acks=-1;compression.type=none;enable.idempotence=False;socket.nagle.disable=False","DOTNET_RUNNING_IN_CONTAINER=true;DOTNET_VERSION=10.0.12","0","46.1","60.9","1002.3","1053.7","0.6","1.2","345.5","345.9","12.1","47.5","106.1","108.8","197.4","crc32","100","cpuset produtor 0-3, broker 4-7, consumidor 8-10, infra 11","600","cpus:4-7","0.00","0.00","0.00","container","padrao","--nagle on --nagle on","10","90","caf07be","2.1-nagle","nagle-ligado"
"2026-09-25T05:06:10.2458286+00:00","a8ba922d-6634-48ac-bbb9-15707b196e2b","kafka-direct","4","20000","1","0","1","2000000","89.943","20000.8","3026.0","3027","5375","5719","14655","11.4","53.1","96.8","103.6","193","10","1","1733","20200","753D621FEF0B2E3E","201065","1798935","20200","0","auto.commit.interval.ms=5000;auto.offset.reset=earliest;enable.auto.commit=True;enable.auto.offset.store=False;socket.nagle.disable=True","DOTNET_RUNNING_IN_CONTAINER=true;DOTNET_VERSION=10.0.12","0","19999.7","4.32","acks=-1;compression.type=none;enable.idempotence=False;socket.nagle.disable=True","DOTNET_RUNNING_IN_CONTAINER=true;DOTNET_VERSION=10.0.12","0","41.3","47.1","1079.5","1169.7","0.5","0.8","345.2","345.6","11.5","100.8","106.5","108.4","392.6","crc32","100","cpuset produtor 0-3, broker 4-7, consumidor 8-10, infra 11","600","cpus:4-7","0.00","0.00","0.00","container","padrao","--nagle off --nagle off","10","90","caf07be","2.1-nagle","nagle-desligado"
"2026-09-25T05:08:09.7262998+00:00","61b159d6-2bae-404c-b545-53ac87e87f6a","kafka-direct","4","20000","2","0","1","2000000","89.945","20000.7","3027.6","3027","5375","5687","14471","11.3","50.6","96.2","102.7","193","10","1","1733","20200","753D621FEF0B2E3E","201035","1798965","20200","0","auto.commit.interval.ms=5000;auto.offset.reset=earliest;enable.auto.commit=True;enable.auto.offset.store=False;socket.nagle.disable=False","DOTNET_RUNNING_IN_CONTAINER=true;DOTNET_VERSION=10.0.12","0","19997.8","6.09","acks=-1;compression.type=none;enable.idempotence=False;socket.nagle.disable=False","DOTNET_RUNNING_IN_CONTAINER=true;DOTNET_VERSION=10.0.12","0","40.9","47.3","1085.0","1171.1","0.5","0.7","345.0","345.6","11.5","149.6","106.1","108.2","588.5","crc32","100","cpuset produtor 0-3, broker 4-7, consumidor 8-10, infra 11","600","cpus:4-7","0.00","0.00","0.00","container","padrao","--nagle on --nagle on","10","90","caf07be","2.1-nagle","nagle-ligado"
"2026-09-25T05:10:09.1736247+00:00","6d4cf040-eb37-4e19-8fc8-90b96f38a08b","kafka-direct","4","20000","2","0","1","2000000","89.947","20000.8","3455.3","3037","5395","6027","224127","11.4","46.1","97.3","104.5","193","10","1","1733","20200","753D621FEF0B2E3E","200988","1799012","20200","0","auto.commit.interval.ms=5000;auto.offset.reset=earliest;enable.auto.commit=True;enable.auto.offset.store=False;socket.nagle.disable=True","DOTNET_RUNNING_IN_CONTAINER=true;DOTNET_VERSION=10.0.12","0","19999.7","4.23","acks=-1;compression.type=none;enable.idempotence=False;socket.nagle.disable=True","DOTNET_RUNNING_IN_CONTAINER=true;DOTNET_VERSION=10.0.12","0","41.3","46.2","1087.5","1183.4","0.5","0.7","345.1","345.5","11.5","193.4","106.4","108.2","784.3","crc32","100","cpuset produtor 0-3, broker 4-7, consumidor 8-10, infra 11","600","cpus:4-7","0.00","0.00","0.00","container","padrao","--nagle off --nagle off","10","90","caf07be","2.1-nagle","nagle-desligado"
"2026-09-25T05:12:08.9685576+00:00","1d211da4-b7ad-4039-89fc-911a3a26ca65","kafka-direct","4","20000","3","0","1","2000000","89.944","20000.6","3507.5","3041","5399","6531","200063","11.3","59.1","97.5","104.9","193","10","1","1733","20200","753D621FEF0B2E3E","201064","1798936","20200","0","auto.commit.interval.ms=5000;auto.offset.reset=earliest;enable.auto.commit=True;enable.auto.offset.store=False;socket.nagle.disable=False","DOTNET_RUNNING_IN_CONTAINER=true;DOTNET_VERSION=10.0.12","0","19999.6","7.94","acks=-1;compression.type=none;enable.idempotence=False;socket.nagle.disable=False","DOTNET_RUNNING_IN_CONTAINER=true;DOTNET_VERSION=10.0.12","0","40.1","46.3","1085.0","1163.2","0.5","0.6","345.0","345.6","11.5","195.1","106.5","108.1","781.7","crc32","100","cpuset produtor 0-3, broker 4-7, consumidor 8-10, infra 11","600","cpus:4-7","0.00","0.00","0.00","container","padrao","--nagle on --nagle on","10","90","caf07be","2.1-nagle","nagle-ligado"
"2026-09-25T05:14:08.6030936+00:00","785f1eb3-4eee-49bd-bdba-07e5e4c37cd1","kafka-direct","4","20000","3","0","1","2000000","89.946","20000.8","3074.7","3007","5359","5739","92671","11.4","60.0","97.6","104.3","193","10","1","1733","20200","753D621FEF0B2E3E","201011","1798989","20200","0","auto.commit.interval.ms=5000;auto.offset.reset=earliest;enable.auto.commit=True;enable.auto.offset.store=False;socket.nagle.disable=True","DOTNET_RUNNING_IN_CONTAINER=true;DOTNET_VERSION=10.0.12","0","19999.7","4.13","acks=-1;compression.type=none;enable.idempotence=False;socket.nagle.disable=True","DOTNET_RUNNING_IN_CONTAINER=true;DOTNET_VERSION=10.0.12","0","40.4","45.4","1089.5","1167.0","0.5","0.6","345.4","345.6","11.5","193.9","106.6","108.2","784.6","crc32","100","cpuset produtor 0-3, broker 4-7, consumidor 8-10, infra 11","600","cpus:4-7","0.00","0.00","0.00","container","padrao","--nagle off --nagle off","10","90","caf07be","2.1-nagle","nagle-desligado"
"2026-09-25T05:16:08.0656012+00:00","8f2222fe-e92f-498c-bd9c-1300ae94515e","kafka-direct","4","100000","1","0","1","10000000","89.946","100001.4","18080.4","3117","5387","740351","1573887","22.9","92.1","101.0","103.8","957","10","1","8579","101000","53B11B22EC958D40","1005249","8994751","101000","0","auto.commit.interval.ms=5000;auto.offset.reset=earliest;enable.auto.commit=True;enable.auto.offset.store=False;socket.nagle.disable=False","DOTNET_RUNNING_IN_CONTAINER=true;DOTNET_VERSION=10.0.12","0","99998.5","571.60","acks=-1;compression.type=none;enable.idempotence=False;socket.nagle.disable=False","DOTNET_RUNNING_IN_CONTAINER=true;DOTNET_VERSION=10.0.12","17","39.8","51.0","1195.8","1316.5","1.1","3.1","345.5","346.0","22.7","202.0","110.4","114.0","786.9","crc32","100","cpuset produtor 0-3, broker 4-7, consumidor 8-10, infra 11","600","cpus:4-7","0.00","0.00","0.00","container","padrao","--nagle on --nagle on","10","90","caf07be","2.1-nagle","nagle-ligado"
"2026-09-25T05:18:07.8057437+00:00","7272edb9-c999-4901-bb47-a64cd2b2c064","kafka-direct","4","100000","1","0","1","10000000","89.945","100002.7","3524.9","3061","5279","5787","272383","23.4","100.6","103.2","105.8","957","10","1","8579","101000","53B11B22EC958D40","1005270","8994730","101000","0","auto.commit.interval.ms=5000;auto.offset.reset=earliest;enable.auto.commit=True;enable.auto.offset.store=False;socket.nagle.disable=True","DOTNET_RUNNING_IN_CONTAINER=true;DOTNET_VERSION=10.0.12","0","99998.5","113.01","acks=-1;compression.type=none;enable.idempotence=False;socket.nagle.disable=True","DOTNET_RUNNING_IN_CONTAINER=true;DOTNET_VERSION=10.0.12","0","40.8","71.8","1273.5","1415.0","0.7","1.1","345.4","345.8","23.3","209.5","104.9","114.8","777.3","crc32","100","cpuset produtor 0-3, broker 4-7, consumidor 8-10, infra 11","600","cpus:4-7","0.00","0.00","0.00","container","padrao","--nagle off --nagle off","10","90","caf07be","2.1-nagle","nagle-desligado"
"2026-09-25T05:20:06.9857124+00:00","b922336d-8712-4de3-ac19-5874200d9de0","kafka-direct","4","100000","2","0","1","10000000","89.945","100002.5","3354.3","3061","5275","5683","217599","23.2","89.2","104.9","109.5","958","10","1","8581","101000","53B11B22EC958D40","1005282","8994718","101000","0","auto.commit.interval.ms=5000;auto.offset.reset=earliest;enable.auto.commit=True;enable.auto.offset.store=False;socket.nagle.disable=False","DOTNET_RUNNING_IN_CONTAINER=true;DOTNET_VERSION=10.0.12","0","99998.4","4.72","acks=-1;compression.type=none;enable.idempotence=False;socket.nagle.disable=False","DOTNET_RUNNING_IN_CONTAINER=true;DOTNET_VERSION=10.0.12","0","35.6","52.6","1290.7","1420.1","0.6","1.0","345.6","350.1","22.8","219.7","104.9","113.8","779.3","crc32","100","cpuset produtor 0-3, broker 4-7, consumidor 8-10, infra 11","600","cpus:4-7","0.00","0.00","0.00","container","padrao","--nagle on --nagle on","10","90","caf07be","2.1-nagle","nagle-ligado"
"2026-09-25T05:22:06.6803397+00:00","c1f6e335-d330-4991-9817-870d31061c8b","kafka-direct","4","100000","2","0","1","10000000","89.945","100002.6","3506.4","3039","5259","5683","243839","22.7","69.1","102.0","106.5","957","10","1","8578","101000","53B11B22EC958D40","1005231","8994769","101000","0","auto.commit.interval.ms=5000;auto.offset.reset=earliest;enable.auto.commit=True;enable.auto.offset.store=False;socket.nagle.disable=True","DOTNET_RUNNING_IN_CONTAINER=true;DOTNET_VERSION=10.0.12","0","99998.3","11.97","acks=-1;compression.type=none;enable.idempotence=False;socket.nagle.disable=True","DOTNET_RUNNING_IN_CONTAINER=true;DOTNET_VERSION=10.0.12","0","41.8","47.5","1282.7","1427.3","0.7","1.4","345.4","345.9","23.2","226.1","111.9","113.9","783.5","crc32","100","cpuset produtor 0-3, broker 4-7, consumidor 8-10, infra 11","600","cpus:4-7","0.00","0.00","0.00","container","padrao","--nagle off --nagle off","10","90","caf07be","2.1-nagle","nagle-desligado"
"2026-09-25T05:24:06.0726090+00:00","16af447b-eb05-4f1d-95ba-f81ff8c18d1f","kafka-direct","4","100000","3","0","1","10000000","89.947","100002.5","3080.6","3039","5251","5571","71103","23.0","76.4","101.4","104.3","957","10","1","8579","101000","53B11B22EC958D40","1005053","8994947","101000","0","auto.commit.interval.ms=5000;auto.offset.reset=earliest;enable.auto.commit=True;enable.auto.offset.store=False;socket.nagle.disable=False","DOTNET_RUNNING_IN_CONTAINER=true;DOTNET_VERSION=10.0.12","0","99998.5","4.96","acks=-1;compression.type=none;enable.idempotence=False;socket.nagle.disable=False","DOTNET_RUNNING_IN_CONTAINER=true;DOTNET_VERSION=10.0.12","0","41.1","48.7","1291.5","1435.5","0.7","1.2","345.3","345.6","23.6","231.3","112.1","114.6","803.2","crc32","100","cpuset produtor 0-3, broker 4-7, consumidor 8-10, infra 11","600","cpus:4-7","0.00","0.00","0.00","container","padrao","--nagle on --nagle on","10","90","caf07be","2.1-nagle","nagle-ligado"
"2026-09-25T05:26:05.6923836+00:00","1f9aa4ef-4c1c-43f5-9352-780af9f92414","kafka-direct","4","100000","3","0","1","10000000","89.938","100003.4","3936.1","3077","5311","11471","248959","23.0","79.7","101.3","106.6","957","10","1","8578","101000","53B11B22EC958D40","1005859","8994141","101000","0","auto.commit.interval.ms=5000;auto.offset.reset=earliest;enable.auto.commit=True;enable.auto.offset.store=False;socket.nagle.disable=True","DOTNET_RUNNING_IN_CONTAINER=true;DOTNET_VERSION=10.0.12","0","99998.0","9.53","acks=-1;compression.type=none;enable.idempotence=False;socket.nagle.disable=True","DOTNET_RUNNING_IN_CONTAINER=true;DOTNET_VERSION=10.0.12","0","42.3","47.4","1289.2","1439.1","0.7","1.2","345.2","345.8","23.7","229.4","111.9","114.3","795.3","crc32","100","cpuset produtor 0-3, broker 4-7, consumidor 8-10, infra 11","600","cpus:4-7","0.00","0.00","0.00","container","padrao","--nagle off --nagle off","10","90","caf07be","2.1-nagle","nagle-desligado"
"2026-09-25T05:28:05.9718814+00:00","91fd2d16-d895-4bc8-b771-0eeaa69dc456","kafka-direct","4","200000","1","0","1","20000000","89.948","200011.1","40704.0","3323","272639","889855","2797567","36.8","285.5","108.4","243.9","1913","10","1","17135","202000","D32C8EDE2EB8DCB8","2009352","17990648","202000","0","auto.commit.interval.ms=5000;auto.offset.reset=earliest;enable.auto.commit=True;enable.auto.offset.store=False","DOTNET_RUNNING_IN_CONTAINER=true;DOTNET_VERSION=10.0.12","0","199995.5","2773.43","acks=-1;compression.type=none;enable.idempotence=False;queue.buffering.max.messages=1000000","DOTNET_RUNNING_IN_CONTAINER=true;DOTNET_VERSION=10.0.12","0","49.6","97.9","1351.2","1528.9","1.2","2.5","345.6","346.2","38.0","225.4","120.3","134.3","819.1","crc32","100","cpuset produtor 0-3, broker 4-7, consumidor 8-10, infra 11","600","cpus:4-7","0.00","0.00","0.00","container","padrao","--queue-max-messages 1000000","10","90","caf07be","2.4-janela-kafka","fila-1000000"
"2026-09-25T05:30:05.1494904+00:00","433e8f0a-86e1-48f4-8e4e-2b28e4f13ab1","kafka-direct","4","200000","1","0","1","20000000","89.944","200004.8","4237.3","3165","5303","6471","1228799","35.8","117.8","103.5","109.4","1912","10","1","17133","202000","D32C8EDE2EB8DCB8","2010758","17989242","202000","0","auto.commit.interval.ms=5000;auto.offset.reset=earliest;enable.auto.commit=True;enable.auto.offset.store=False","DOTNET_RUNNING_IN_CONTAINER=true;DOTNET_VERSION=10.0.12","0","199996.8","1138.74","acks=-1;compression.type=none;enable.idempotence=False;queue.buffering.max.messages=100000","DOTNET_RUNNING_IN_CONTAINER=true;DOTNET_VERSION=10.0.12","0","47.5","77.8","1384.7","1639.6","1.2","2.2","345.7","347.2","36.8","239.2","120.4","131.1","815.3","crc32","100","cpuset produtor 0-3, broker 4-7, consumidor 8-10, infra 11","600","cpus:4-7","0.00","0.00","0.00","container","padrao","--queue-max-messages 100000","10","90","caf07be","2.4-janela-kafka","fila-100000"
"2026-09-25T05:32:04.4495535+00:00","b793baa8-b311-4b4c-b579-3bdb398f331f","kafka-direct","4","200000","2","0","1","20000000","89.944","200006.0","5971.5","3143","5299","16207","650239","35.5","92.3","99.8","130.3","1912","10","1","17132","202000","D32C8EDE2EB8DCB8","2010613","17989387","202000","0","auto.commit.interval.ms=5000;auto.offset.reset=earliest;enable.auto.commit=True;enable.auto.offset.store=False","DOTNET_RUNNING_IN_CONTAINER=true;DOTNET_VERSION=10.0.12","0","199996.6","22.02","acks=-1;compression.type=none;enable.idempotence=False;queue.buffering.max.messages=1000000","DOTNET_RUNNING_IN_CONTAINER=true;DOTNET_VERSION=10.0.12","0","43.8","52.1","1370.6","1524.8","1.0","1.6","345.8","350.4","36.5","241.9","119.1","121.4","789.5","crc32","100","cpuset produtor 0-3, broker 4-7, consumidor 8-10, infra 11","600","cpus:4-7","0.00","0.00","0.00","container","padrao","--queue-max-messages 1000000","10","90","caf07be","2.4-janela-kafka","fila-1000000"
"2026-09-25T05:34:06.2667448+00:00","57d5601d-0ded-4c3b-ad81-be1c9d0ea62e","kafka-direct","4","200000","2","0","1","20000000","89.943","200004.5","7114.0","3215","5411","119615","905727","36.2","166.5","104.6","110.7","1912","10","1","17132","202000","D32C8EDE2EB8DCB8","2011016","17988984","202000","0","auto.commit.interval.ms=5000;auto.offset.reset=earliest;enable.auto.commit=True;enable.auto.offset.store=False","DOTNET_RUNNING_IN_CONTAINER=true;DOTNET_VERSION=10.0.12","0","199995.9","1264.78","acks=-1;compression.type=none;enable.idempotence=False;queue.buffering.max.messages=100000","DOTNET_RUNNING_IN_CONTAINER=true;DOTNET_VERSION=10.0.12","0","44.6","71.1","1368.5","1573.3","1.2","3.6","345.6","346.8","37.4","246.0","119.2","127.8","782.2","crc32","100","cpuset produtor 0-3, broker 4-7, consumidor 8-10, infra 11","600","cpus:4-7","0.00","0.00","0.00","container","padrao","--queue-max-messages 100000","10","90","caf07be","2.4-janela-kafka","fila-100000"
"2026-09-25T05:36:05.7190034+00:00","7da78d11-4771-4efd-8f86-5bf778742161","kafka-direct","4","200000","3","0","1","20000000","89.983","200003.5","4188.8","3175","5331","42591","202367","36.2","86.7","106.4","112.9","1912","10","1","17132","202000","D32C8EDE2EB8DCB8","2003020","17996980","202000","0","auto.commit.interval.ms=5000;auto.offset.reset=earliest;enable.auto.commit=True;enable.auto.offset.store=False","DOTNET_RUNNING_IN_CONTAINER=true;DOTNET_VERSION=10.0.12","0","199996.2","22.85","acks=-1;compression.type=none;enable.idempotence=False;queue.buffering.max.messages=1000000","DOTNET_RUNNING_IN_CONTAINER=true;DOTNET_VERSION=10.0.12","0","43.1","49.7","1370.0","1537.4","1.0","1.7","345.3","346.0","37.4","240.0","119.0","121.4","638.8","crc32","100","cpuset produtor 0-3, broker 4-7, consumidor 8-10, infra 11","600","cpus:4-7","0.00","0.00","0.00","container","padrao","--queue-max-messages 1000000","10","90","caf07be","2.4-janela-kafka","fila-1000000"
"2026-09-25T05:38:07.6357684+00:00","3337ef95-d318-422f-8e29-232a25a50d10","kafka-direct","4","200000","3","0","1","20000000","89.946","200004.8","15209.1","3207","5367","359167","1880063","36.2","127.6","102.9","108.3","1912","10","1","17134","202000","D32C8EDE2EB8DCB8","2010352","17989648","202000","0","auto.commit.interval.ms=5000;auto.offset.reset=earliest;enable.auto.commit=True;enable.auto.offset.store=False","DOTNET_RUNNING_IN_CONTAINER=true;DOTNET_VERSION=10.0.12","0","199996.0","1436.68","acks=-1;compression.type=none;enable.idempotence=False;queue.buffering.max.messages=100000","DOTNET_RUNNING_IN_CONTAINER=true;DOTNET_VERSION=10.0.12","6","42.3","68.6","1378.5","1531.3","0.9","1.5","345.5","346.0","31.9","235.2","113.5","121.4","626.1","crc32","100","cpuset produtor 0-3, broker 4-7, consumidor 8-10, infra 11","600","cpus:4-7","0.00","0.00","0.00","container","padrao","--queue-max-messages 100000","10","90","caf07be","2.4-janela-kafka","fila-100000"
"2026-09-25T05:40:17.0677689+00:00","7b69977b-c549-4ee5-b317-0ccb89833daf","rabbitmq-direct","4","40000","1","0","1","4000000","89.985","40000.8","1626.4","1010","4839","8295","32927","92.1","174.5","85.7","91.4","294","10","1","2635","40400","B2B1B8D431F8CF0C","400530","3599470","40400","0","ack_batch=100;dispatch_concurrency=1;prefetch=sem_limite","DOTNET_RUNNING_IN_CONTAINER=true;DOTNET_VERSION=10.0.12","0","39999.0","14.20","confirm_batch=12500;connection_per_lane=true;em_voo_max=100000;lane_hash=crc32;partitions=4;persistent=true","DOTNET_RUNNING_IN_CONTAINER=true;DOTNET_VERSION=10.0.12","","318.6","335.9","130.1","186.5","0.6","1.0","345.2","345.7","89.2","222.1","285.4","309.4","623.5","crc32","100","cpuset produtor 0-3, broker 4-7, consumidor 8-10, infra 11","600","cpus:4-7","0.00","0.00","0.00","container","padrao","","10","90","caf07be","2.2-persistencia","persistente"
"2026-09-25T05:42:12.2488204+00:00","2dc32878-405f-4d3d-9d61-d4e38ad56fad","rabbitmq-direct","4","40000","1","0","1","4000000","89.987","40000.0","600.1","293","1423","4499","80063","136.9","196.4","88.9","94.6","309","10","1","2764","40400","B2B1B8D431F8CF0C","400538","3599462","40400","0","ack_batch=100;dispatch_concurrency=1;prefetch=sem_limite","DOTNET_RUNNING_IN_CONTAINER=true;DOTNET_VERSION=10.0.12","0","39999.4","8.38","confirm_batch=12500;connection_per_lane=true;em_voo_max=100000;lane_hash=crc32;partitions=4;persistent=false","DOTNET_RUNNING_IN_CONTAINER=true;DOTNET_VERSION=10.0.12","","323.6","354.6","128.6","191.8","0.6","1.0","345.2","347.1","125.2","212.5","322.7","337.7","670.5","crc32","100","cpuset produtor 0-3, broker 4-7, consumidor 8-10, infra 11","600","cpus:4-7","0.00","0.00","0.00","container","padrao","--transient","10","90","caf07be","2.2-persistencia","transitoria"
"2026-09-25T05:44:07.5262253+00:00","496e5124-5277-4ecb-869c-93ca85417baf","rabbitmq-direct","4","40000","2","0","1","4000000","89.985","40001.0","1670.3","1031","4927","8503","40159","92.3","191.3","85.7","91.4","294","10","1","2635","40400","B2B1B8D431F8CF0C","400511","3599489","40400","0","ack_batch=100;dispatch_concurrency=1;prefetch=sem_limite","DOTNET_RUNNING_IN_CONTAINER=true;DOTNET_VERSION=10.0.12","0","39999.4","8.98","confirm_batch=12500;connection_per_lane=true;em_voo_max=100000;lane_hash=crc32;partitions=4;persistent=true","DOTNET_RUNNING_IN_CONTAINER=true;DOTNET_VERSION=10.0.12","","299.5","331.7","135.0","202.1","0.6","1.0","345.0","345.4","94.4","192.4","290.9","308.9","676.6","crc32","100","cpuset produtor 0-3, broker 4-7, consumidor 8-10, infra 11","600","cpus:4-7","0.00","0.00","0.00","container","padrao","","10","90","caf07be","2.2-persistencia","persistente"
"2026-09-25T05:46:02.8941625+00:00","dd1237c9-ffb0-4452-92e8-dc0246879d45","rabbitmq-direct","4","40000","2","0","1","4000000","89.987","40000.4","547.0","306","1611","4387","44095","136.1","223.3","85.7","90.3","309","10","1","2760","40400","B2B1B8D431F8CF0C","400500","3599500","40400","0","ack_batch=100;dispatch_concurrency=1;prefetch=sem_limite","DOTNET_RUNNING_IN_CONTAINER=true;DOTNET_VERSION=10.0.12","0","39999.5","15.88","confirm_batch=12500;connection_per_lane=true;em_voo_max=100000;lane_hash=crc32;partitions=4;persistent=false","DOTNET_RUNNING_IN_CONTAINER=true;DOTNET_VERSION=10.0.12","","332.1","346.7","119.8","122.6","0.6","1.1","345.0","345.6","135.0","174.4","327.0","341.8","597.3","crc32","100","cpuset produtor 0-3, broker 4-7, consumidor 8-10, infra 11","600","cpus:4-7","0.00","0.00","0.00","container","padrao","--transient","10","90","caf07be","2.2-persistencia","transitoria"
"2026-09-25T05:47:58.5063252+00:00","efd26556-f3e2-4d5f-a6fe-b2a8673f5160","rabbitmq-direct","4","40000","3","0","1","4000000","89.983","40000.6","1655.9","1036","4883","8367","33343","91.6","143.5","85.8","90.6","294","10","1","2635","40400","B2B1B8D431F8CF0C","400643","3599357","40400","0","ack_batch=100;dispatch_concurrency=1;prefetch=sem_limite","DOTNET_RUNNING_IN_CONTAINER=true;DOTNET_VERSION=10.0.12","0","39999.4","13.81","confirm_batch=12500;connection_per_lane=true;em_voo_max=100000;lane_hash=crc32;partitions=4;persistent=true","DOTNET_RUNNING_IN_CONTAINER=true;DOTNET_VERSION=10.0.12","","322.3","331.5","131.7","138.8","0.6","1.1","345.0","345.3","93.1","175.0","297.9","309.7","592.3","crc32","100","cpuset produtor 0-3, broker 4-7, consumidor 8-10, infra 11","600","cpus:4-7","0.00","0.00","0.00","container","padrao","","10","90","caf07be","2.2-persistencia","persistente"
"2026-09-25T05:49:53.6334273+00:00","15651580-78cc-44ae-a4b4-d276aa2abf41","rabbitmq-direct","4","40000","3","0","1","4000000","89.985","40000.0","545.1","300","1498","4219","49215","136.8","197.5","86.8","91.4","309","10","1","2765","40400","B2B1B8D431F8CF0C","400583","3599417","40400","0","ack_batch=100;dispatch_concurrency=1;prefetch=sem_limite","DOTNET_RUNNING_IN_CONTAINER=true;DOTNET_VERSION=10.0.12","0","39999.5","8.33","confirm_batch=12500;connection_per_lane=true;em_voo_max=100000;lane_hash=crc32;partitions=4;persistent=false","DOTNET_RUNNING_IN_CONTAINER=true;DOTNET_VERSION=10.0.12","","330.3","351.1","123.8","154.4","0.7","0.9","345.1","345.7","141.4","171.1","325.1","340.1","591.6","crc32","100","cpuset produtor 0-3, broker 4-7, consumidor 8-10, infra 11","600","cpus:4-7","0.00","0.00","0.00","container","padrao","--transient","10","90","caf07be","2.2-persistencia","transitoria"
"2026-09-25T05:51:48.9187760+00:00","dbca20de-08a0-4894-b347-98a00617908c","rabbitmq-direct","4","40000","1","0","1","4000000","89.987","39999.8","1650.5","998","4811","8855","66687","92.6","155.6","86.8","91.9","295","11","1","2636","40400","B2B1B8D431F8CF0C","400530","3599470","40400","0","ack_batch=100;dispatch_concurrency=1;prefetch=300","DOTNET_RUNNING_IN_CONTAINER=true;DOTNET_VERSION=10.0.12","0","39998.6","11.73","confirm_batch=12500;connection_per_lane=true;em_voo_max=100000;lane_hash=crc32;partitions=4;persistent=true","DOTNET_RUNNING_IN_CONTAINER=true;DOTNET_VERSION=10.0.12","","327.5","335.7","140.9","215.4","0.7","1.0","345.0","345.3","95.8","174.0","303.7","310.5","597.7","crc32","100","cpuset produtor 0-3, broker 4-7, consumidor 8-10, infra 11","600","cpus:4-7","0.00","0.00","0.00","container","padrao","--prefetch 300","10","90","caf07be","2.3-prefetch","prefetch-300"
"2026-09-25T05:53:44.1192567+00:00","00352f53-0793-46fb-91b8-7253a427eeaa","rabbitmq-direct","4","40000","1","0","1","4000000","89.987","40000.6","1747.7","1033","5135","9479","63519","92.1","153.2","85.6","91.3","294","11","1","2635","40400","B2B1B8D431F8CF0C","400459","3599541","40400","0","ack_batch=100;dispatch_concurrency=1;prefetch=sem_limite","DOTNET_RUNNING_IN_CONTAINER=true;DOTNET_VERSION=10.0.12","0","39999.2","10.52","confirm_batch=12500;connection_per_lane=true;em_voo_max=100000;lane_hash=crc32;partitions=4;persistent=true","DOTNET_RUNNING_IN_CONTAINER=true;DOTNET_VERSION=10.0.12","","324.2","333.9","137.0","203.2","0.6","1.2","345.7","350.5","95.4","175.9","302.2","309.5","598.0","crc32","100","cpuset produtor 0-3, broker 4-7, consumidor 8-10, infra 11","600","cpus:4-7","0.00","0.00","0.00","container","padrao","--prefetch 0","10","90","caf07be","2.3-prefetch","prefetch-sem-limite"
"2026-09-25T05:55:39.3884190+00:00","ecd57652-6717-428c-a134-5c951c3dde2a","rabbitmq-direct","4","40000","2","0","1","4000000","89.987","40000.1","1637.2","1019","4815","8487","39935","93.0","191.0","86.7","91.7","294","11","1","2635","40400","B2B1B8D431F8CF0C","400508","3599492","40400","0","ack_batch=100;dispatch_concurrency=1;prefetch=300","DOTNET_RUNNING_IN_CONTAINER=true;DOTNET_VERSION=10.0.12","0","39999.4","9.54","confirm_batch=12500;connection_per_lane=true;em_voo_max=100000;lane_hash=crc32;partitions=4;persistent=true","DOTNET_RUNNING_IN_CONTAINER=true;DOTNET_VERSION=10.0.12","","324.9","335.3","143.8","215.3","0.7","1.4","345.0","345.3","96.0","175.2","301.7","308.7","596.2","crc32","100","cpuset produtor 0-3, broker 4-7, consumidor 8-10, infra 11","600","cpus:4-7","0.00","0.00","0.00","container","padrao","--prefetch 300","10","90","caf07be","2.3-prefetch","prefetch-300"
"2026-09-25T05:57:34.6778696+00:00","6ce51314-3f73-4e66-8de9-cf48ce86fa88","rabbitmq-direct","4","40000","2","0","1","4000000","89.987","40000.6","1782.2","1047","5139","9631","64031","91.8","185.3","86.5","91.3","294","11","1","2635","40400","B2B1B8D431F8CF0C","400482","3599518","40400","0","ack_batch=100;dispatch_concurrency=1;prefetch=sem_limite","DOTNET_RUNNING_IN_CONTAINER=true;DOTNET_VERSION=10.0.12","0","39998.8","8.91","confirm_batch=12500;connection_per_lane=true;em_voo_max=100000;lane_hash=crc32;partitions=4;persistent=true","DOTNET_RUNNING_IN_CONTAINER=true;DOTNET_VERSION=10.0.12","","322.4","333.0","141.6","213.0","0.7","1.1","345.0","345.4","95.1","175.2","302.9","311.4","597.2","crc32","100","cpuset produtor 0-3, broker 4-7, consumidor 8-10, infra 11","600","cpus:4-7","0.00","0.00","0.00","container","padrao","--prefetch 0","10","90","caf07be","2.3-prefetch","prefetch-sem-limite"
"2026-09-25T05:59:29.6927226+00:00","6b39cf5d-f6e0-4f3c-8550-258a77f0e6b9","rabbitmq-direct","4","40000","3","0","1","4000000","89.986","40001.1","1791.5","1074","5319","9751","58175","90.6","150.5","85.7","91.1","295","11","1","2636","40400","B2B1B8D431F8CF0C","400445","3599555","40400","0","ack_batch=100;dispatch_concurrency=1;prefetch=300","DOTNET_RUNNING_IN_CONTAINER=true;DOTNET_VERSION=10.0.12","0","39999.0","13.46","confirm_batch=12500;connection_per_lane=true;em_voo_max=100000;lane_hash=crc32;partitions=4;persistent=true","DOTNET_RUNNING_IN_CONTAINER=true;DOTNET_VERSION=10.0.12","","323.7","333.3","141.0","214.8","0.7","1.1","345.3","345.8","93.9","174.5","302.3","309.5","611.9","crc32","100","cpuset produtor 0-3, broker 4-7, consumidor 8-10, infra 11","600","cpus:4-7","0.00","0.00","0.00","container","padrao","--prefetch 300","10","90","caf07be","2.3-prefetch","prefetch-300"
"2026-09-25T06:01:24.8989052+00:00","c954ab43-0200-48c3-a917-e150a4f1bb6c","rabbitmq-direct","4","40000","3","0","1","4000000","89.986","40000.5","1757.0","1056","5251","9455","42655","91.4","152.0","87.0","91.7","294","11","1","2634","40400","B2B1B8D431F8CF0C","400513","3599487","40400","0","ack_batch=100;dispatch_concurrency=1;prefetch=sem_limite","DOTNET_RUNNING_IN_CONTAINER=true;DOTNET_VERSION=10.0.12","0","39999.0","16.65","confirm_batch=12500;connection_per_lane=true;em_voo_max=100000;lane_hash=crc32;partitions=4;persistent=true","DOTNET_RUNNING_IN_CONTAINER=true;DOTNET_VERSION=10.0.12","","321.7","332.4","139.5","199.2","0.7","0.9","345.1","345.4","94.6","174.8","302.7","311.1","605.2","crc32","100","cpuset produtor 0-3, broker 4-7, consumidor 8-10, infra 11","600","cpus:4-7","0.00","0.00","0.00","container","padrao","--prefetch 0","10","90","caf07be","2.3-prefetch","prefetch-sem-limite"
"2026-09-25T06:03:20.0814786+00:00","f3fcc597-3627-4554-99db-60464b9300b1","rabbitmq-direct","4","60000","1","0","1","6000000","89.986","60000.6","3754.0","2361","9319","32991","86911","93.6","157.9","91.4","96.0","437","10","1","3908","60600","CC650889DAD933D0","600781","5399219","60600","0","ack_batch=100;dispatch_concurrency=1;prefetch=300","DOTNET_RUNNING_IN_CONTAINER=true;DOTNET_VERSION=10.0.12","0","59998.1","29.19","confirm_batch=12500;connection_per_lane=true;em_voo_max=100000;lane_hash=crc32;partitions=4;persistent=true","DOTNET_RUNNING_IN_CONTAINER=true;DOTNET_VERSION=10.0.12","","325.1","333.3","151.2","245.2","0.7","1.3","345.2","345.7","96.6","179.4","303.3","310.7","595.1","crc32","100","cpuset produtor 0-3, broker 4-7, consumidor 8-10, infra 11","600","cpus:4-7","0.00","0.00","0.00","container","padrao","--prefetch 300","10","90","caf07be","2.3-prefetch","prefetch-300"
"2026-09-25T06:05:15.3296345+00:00","86e7444c-2137-4052-ac5e-c6b7f9ddb644","rabbitmq-direct","4","60000","1","0","1","6000000","89.987","60002.7","3505.1","2241","8527","26063","107391","95.9","163.5","86.2","91.4","436","10","1","3902","60600","CC650889DAD933D0","600529","5399471","60600","0","ack_batch=100;dispatch_concurrency=1;prefetch=sem_limite","DOTNET_RUNNING_IN_CONTAINER=true;DOTNET_VERSION=10.0.12","0","59998.2","12.99","confirm_batch=12500;connection_per_lane=true;em_voo_max=100000;lane_hash=crc32;partitions=4;persistent=true","DOTNET_RUNNING_IN_CONTAINER=true;DOTNET_VERSION=10.0.12","","325.4","334.2","151.4","225.9","0.7","1.0","345.6","349.3","99.0","181.3","304.6","314.0","598.1","crc32","100","cpuset produtor 0-3, broker 4-7, consumidor 8-10, infra 11","600","cpus:4-7","0.00","0.00","0.00","container","padrao","--prefetch 0","10","90","caf07be","2.3-prefetch","prefetch-sem-limite"
"2026-09-25T06:07:10.5933846+00:00","92014905-6725-4b9c-a200-510aaafa6650","rabbitmq-direct","4","60000","2","0","1","6000000","89.986","60003.5","3226.7","2014","8247","25295","91967","97.3","159.4","87.7","91.9","436","10","1","3903","60600","CC650889DAD933D0","600501","5399499","60600","0","ack_batch=100;dispatch_concurrency=1;prefetch=300","DOTNET_RUNNING_IN_CONTAINER=true;DOTNET_VERSION=10.0.12","0","59997.9","12.54","confirm_batch=12500;connection_per_lane=true;em_voo_max=100000;lane_hash=crc32;partitions=4;persistent=true","DOTNET_RUNNING_IN_CONTAINER=true;DOTNET_VERSION=10.0.12","","328.5","338.5","147.8","176.0","0.7","1.4","345.2","345.7","100.4","181.8","305.3","314.9","598.7","crc32","100","cpuset produtor 0-3, broker 4-7, consumidor 8-10, infra 11","600","cpus:4-7","0.00","0.00","0.00","container","padrao","--prefetch 300","10","90","caf07be","2.3-prefetch","prefetch-300"
"2026-09-25T06:09:05.8130853+00:00","3ee768b7-1d2b-4815-9523-59e383dd3e6f","rabbitmq-direct","4","60000","2","0","1","6000000","89.988","59999.9","3388.4","2163","8639","24927","92735","94.3","166.4","87.0","92.0","437","11","1","3908","60600","CC650889DAD933D0","600749","5399251","60600","0","ack_batch=100;dispatch_concurrency=1;prefetch=sem_limite","DOTNET_RUNNING_IN_CONTAINER=true;DOTNET_VERSION=10.0.12","0","59997.8","13.24","confirm_batch=12500;connection_per_lane=true;em_voo_max=100000;lane_hash=crc32;partitions=4;persistent=true","DOTNET_RUNNING_IN_CONTAINER=true;DOTNET_VERSION=10.0.12","","327.7","338.2","144.2","161.7","0.7","1.2","345.3","345.7","97.8","181.4","302.1","313.3","596.8","crc32","100","cpuset produtor 0-3, broker 4-7, consumidor 8-10, infra 11","600","cpus:4-7","0.00","0.00","0.00","container","padrao","--prefetch 0","10","90","caf07be","2.3-prefetch","prefetch-sem-limite"
"2026-09-25T06:11:01.2885542+00:00","90eaaa9d-dcfa-457f-b892-c28916a6466a","rabbitmq-direct","4","60000","3","0","1","6000000","89.985","59999.9","3184.0","2057","8311","21535","97791","96.6","187.7","86.9","93.5","436","11","1","3903","60600","CC650889DAD933D0","600915","5399085","60600","0","ack_batch=100;dispatch_concurrency=1;prefetch=300","DOTNET_RUNNING_IN_CONTAINER=true;DOTNET_VERSION=10.0.12","0","59998.2","12.19","confirm_batch=12500;connection_per_lane=true;em_voo_max=100000;lane_hash=crc32;partitions=4;persistent=true","DOTNET_RUNNING_IN_CONTAINER=true;DOTNET_VERSION=10.0.12","","326.0","337.9","151.2","207.3","0.7","1.2","345.2","345.6","99.9","175.8","306.0","316.8","603.9","crc32","100","cpuset produtor 0-3, broker 4-7, consumidor 8-10, infra 11","600","cpus:4-7","0.00","0.00","0.00","container","padrao","--prefetch 300","10","90","caf07be","2.3-prefetch","prefetch-300"
"2026-09-25T06:12:56.5388801+00:00","99340e2d-6ed2-436e-acc4-aa0b29ae7037","rabbitmq-direct","4","60000","3","0","1","6000000","89.986","60000.7","3783.6","2297","9239","30815","145791","94.1","164.8","86.3","91.5","437","11","1","3908","60600","CC650889DAD933D0","600798","5399202","60600","0","ack_batch=100;dispatch_concurrency=1;prefetch=sem_limite","DOTNET_RUNNING_IN_CONTAINER=true;DOTNET_VERSION=10.0.12","0","59998.2","13.44","confirm_batch=12500;connection_per_lane=true;em_voo_max=100000;lane_hash=crc32;partitions=4;persistent=true","DOTNET_RUNNING_IN_CONTAINER=true;DOTNET_VERSION=10.0.12","","322.5","333.1","148.8","161.0","0.7","1.2","345.3","346.0","97.0","173.5","305.0","315.1","599.3","crc32","100","cpuset produtor 0-3, broker 4-7, consumidor 8-10, infra 11","600","cpus:4-7","0.00","0.00","0.00","container","padrao","--prefetch 0","10","90","caf07be","2.3-prefetch","prefetch-sem-limite"
"2026-09-25T06:14:52.0345767+00:00","e4618625-f758-405a-9d3d-df24458f6808","rabbitmq-direct","4","60000","1","0","1","6000000","89.988","60000.3","3326.6","2019","8287","30095","91583","96.9","163.1","87.6","91.7","436","10","1","3903","60600","CC650889DAD933D0","600718","5399282","60600","0","ack_batch=100;dispatch_concurrency=1;prefetch=sem_limite","DOTNET_RUNNING_IN_CONTAINER=true;DOTNET_VERSION=10.0.12","0","59998.8","43.09","confirm_batch=1000;connection_per_lane=true;em_voo_max=8000;lane_hash=crc32;partitions=4;persistent=true","DOTNET_RUNNING_IN_CONTAINER=true;DOTNET_VERSION=10.0.12","","303.6","343.2","149.3","184.1","0.7","1.7","345.4","345.9","93.0","172.1","278.2","315.7","495.8","crc32","100","cpuset produtor 0-3, broker 4-7, consumidor 8-10, infra 11","600","cpus:4-7","0.00","0.00","0.00","container","padrao","--confirm-batch 1000","10","90","caf07be","2.4-janela-rabbit","em-voo-8000"
"2026-09-25T06:16:47.1630677+00:00","b6e0e7b2-017b-46d3-8db7-dcf7de36395f","rabbitmq-direct","4","60000","1","0","1","6000000","89.984","60003.8","3513.0","1916","8391","40863","126143","95.0","165.8","86.1","91.5","437","11","1","3910","60600","CC650889DAD933D0","600603","5399397","60600","0","ack_batch=100;dispatch_concurrency=1;prefetch=sem_limite","DOTNET_RUNNING_IN_CONTAINER=true;DOTNET_VERSION=10.0.12","0","59998.8","18.85","confirm_batch=12500;connection_per_lane=true;em_voo_max=100000;lane_hash=crc32;partitions=4;persistent=true","DOTNET_RUNNING_IN_CONTAINER=true;DOTNET_VERSION=10.0.12","","321.2","351.3","161.9","252.1","0.7","1.3","345.4","345.6","89.7","171.4","289.5","317.7","529.1","crc32","100","cpuset produtor 0-3, broker 4-7, consumidor 8-10, infra 11","600","cpus:4-7","0.00","0.00","0.00","container","padrao","--confirm-batch 12500","10","90","caf07be","2.4-janela-rabbit","em-voo-100000"
"2026-09-25T06:18:42.4169134+00:00","693f2217-9350-4f09-a4de-99dcf5b0f4d5","rabbitmq-direct","4","60000","2","0","1","6000000","89.987","59999.3","3119.4","1957","7843","24623","98943","97.2","165.8","87.9","92.0","436","10","1","3904","60600","CC650889DAD933D0","600838","5399162","60600","0","ack_batch=100;dispatch_concurrency=1;prefetch=sem_limite","DOTNET_RUNNING_IN_CONTAINER=true;DOTNET_VERSION=10.0.12","0","59998.7","41.59","confirm_batch=1000;connection_per_lane=true;em_voo_max=8000;lane_hash=crc32;partitions=4;persistent=true","DOTNET_RUNNING_IN_CONTAINER=true;DOTNET_VERSION=10.0.12","","299.3","343.8","154.9","241.5","0.6","1.2","345.3","345.7","91.2","175.9","296.6","318.6","440.4","crc32","100","cpuset produtor 0-3, broker 4-7, consumidor 8-10, infra 11","600","cpus:4-7","0.00","0.00","0.00","container","padrao","--confirm-batch 1000","10","90","caf07be","2.4-janela-rabbit","em-voo-8000"
"2026-09-25T06:20:38.0883056+00:00","81b0981d-6218-4d65-888a-8396c8078247","rabbitmq-direct","4","60000","2","0","1","6000000","89.990","60000.5","3299.4","1935","8055","32751","96767","97.2","165.6","86.7","92.1","436","11","1","3903","60600","CC650889DAD933D0","600580","5399420","60600","0","ack_batch=100;dispatch_concurrency=1;prefetch=sem_limite","DOTNET_RUNNING_IN_CONTAINER=true;DOTNET_VERSION=10.0.12","0","59997.5","12.31","confirm_batch=12500;connection_per_lane=true;em_voo_max=100000;lane_hash=crc32;partitions=4;persistent=true","DOTNET_RUNNING_IN_CONTAINER=true;DOTNET_VERSION=10.0.12","","333.7","341.7","147.4","172.2","0.8","1.4","345.3","345.8","99.8","177.9","298.0","318.2","449.4","crc32","100","cpuset produtor 0-3, broker 4-7, consumidor 8-10, infra 11","600","cpus:4-7","0.00","0.00","0.00","container","padrao","--confirm-batch 12500","10","90","caf07be","2.4-janela-rabbit","em-voo-100000"
"2026-09-25T06:22:33.5418304+00:00","9e6de696-b247-42d6-8e25-8a55d24e8101","rabbitmq-direct","4","60000","3","0","1","6000000","89.987","60000.4","3043.9","1862","7587","24335","89471","96.1","197.1","87.1","92.7","437","10","1","3909","60600","CC650889DAD933D0","600725","5399275","60600","0","ack_batch=100;dispatch_concurrency=1;prefetch=sem_limite","DOTNET_RUNNING_IN_CONTAINER=true;DOTNET_VERSION=10.0.12","0","59998.9","38.66","confirm_batch=1000;connection_per_lane=true;em_voo_max=8000;lane_hash=crc32;partitions=4;persistent=true","DOTNET_RUNNING_IN_CONTAINER=true;DOTNET_VERSION=10.0.12","","337.1","347.2","148.1","185.9","0.8","1.5","345.3","345.6","99.1","174.5","307.0","317.5","452.8","crc32","100","cpuset produtor 0-3, broker 4-7, consumidor 8-10, infra 11","600","cpus:4-7","0.00","0.00","0.00","container","padrao","--confirm-batch 1000","10","90","caf07be","2.4-janela-rabbit","em-voo-8000"
"2026-09-25T06:24:29.0309929+00:00","74f21b4c-7f4c-4510-b757-51b7c58a4a34","rabbitmq-direct","4","60000","3","0","1","6000000","89.987","60002.5","3293.1","2251","8471","18079","81791","95.8","171.7","88.0","92.0","436","10","1","3902","60600","CC650889DAD933D0","600542","5399458","60600","0","ack_batch=100;dispatch_concurrency=1;prefetch=sem_limite","DOTNET_RUNNING_IN_CONTAINER=true;DOTNET_VERSION=10.0.12","0","59998.4","12.52","confirm_batch=12500;connection_per_lane=true;em_voo_max=100000;lane_hash=crc32;partitions=4;persistent=true","DOTNET_RUNNING_IN_CONTAINER=true;DOTNET_VERSION=10.0.12","","326.1","336.6","148.4","232.3","0.8","1.4","345.5","345.9","99.1","173.6","304.3","311.3","493.1","crc32","100","cpuset produtor 0-3, broker 4-7, consumidor 8-10, infra 11","600","cpus:4-7","0.00","0.00","0.00","container","padrao","--confirm-batch 12500","10","90","caf07be","2.4-janela-rabbit","em-voo-100000"
