run_id,timestamp,sink,target_rate,achieved_rate,rate_error_pct,max_lateness_ms,events,fleet,dataset_laps,client_config,dotnet_env,queue_full_waits
18773e4f-07e3-4afe-bace-e9e8837d99e0,2026-09-25T05:04:10.5402148+00:00,kafka,20000,19997.7,-0.012,7.18,2000000,10,0,acks=-1;compression.type=none;enable.idempotence=False;socket.nagle.disable=False,DOTNET_RUNNING_IN_CONTAINER=true;DOTNET_VERSION=10.0.12,0
a8ba922d-6634-48ac-bbb9-15707b196e2b,2026-09-25T05:06:10.1215210+00:00,kafka,20000,19999.7,-0.001,4.32,2000000,10,0,acks=-1;compression.type=none;enable.idempotence=False;socket.nagle.disable=True,DOTNET_RUNNING_IN_CONTAINER=true;DOTNET_VERSION=10.0.12,0
61b159d6-2bae-404c-b545-53ac87e87f6a,2026-09-25T05:08:09.6008953+00:00,kafka,20000,19997.8,-0.011,6.09,2000000,10,0,acks=-1;compression.type=none;enable.idempotence=False;socket.nagle.disable=False,DOTNET_RUNNING_IN_CONTAINER=true;DOTNET_VERSION=10.0.12,0
6d4cf040-eb37-4e19-8fc8-90b96f38a08b,2026-09-25T05:10:09.0463168+00:00,kafka,20000,19999.7,-0.002,4.23,2000000,10,0,acks=-1;compression.type=none;enable.idempotence=False;socket.nagle.disable=True,DOTNET_RUNNING_IN_CONTAINER=true;DOTNET_VERSION=10.0.12,0
1d211da4-b7ad-4039-89fc-911a3a26ca65,2026-09-25T05:12:08.8433170+00:00,kafka,20000,19999.6,-0.002,7.94,2000000,10,0,acks=-1;compression.type=none;enable.idempotence=False;socket.nagle.disable=False,DOTNET_RUNNING_IN_CONTAINER=true;DOTNET_VERSION=10.0.12,0
785f1eb3-4eee-49bd-bdba-07e5e4c37cd1,2026-09-25T05:14:08.4749226+00:00,kafka,20000,19999.7,-0.001,4.13,2000000,10,0,acks=-1;compression.type=none;enable.idempotence=False;socket.nagle.disable=True,DOTNET_RUNNING_IN_CONTAINER=true;DOTNET_VERSION=10.0.12,0
8f2222fe-e92f-498c-bd9c-1300ae94515e,2026-09-25T05:16:07.9277415+00:00,kafka,100000,99998.5,-0.002,571.60,10000000,50,0,acks=-1;compression.type=none;enable.idempotence=False;socket.nagle.disable=False,DOTNET_RUNNING_IN_CONTAINER=true;DOTNET_VERSION=10.0.12,17
7272edb9-c999-4901-bb47-a64cd2b2c064,2026-09-25T05:18:07.6747267+00:00,kafka,100000,99998.5,-0.002,113.01,10000000,50,0,acks=-1;compression.type=none;enable.idempotence=False;socket.nagle.disable=True,DOTNET_RUNNING_IN_CONTAINER=true;DOTNET_VERSION=10.0.12,0
b922336d-8712-4de3-ac19-5874200d9de0,2026-09-25T05:20:06.8578519+00:00,kafka,100000,99998.4,-0.002,4.72,10000000,50,0,acks=-1;compression.type=none;enable.idempotence=False;socket.nagle.disable=False,DOTNET_RUNNING_IN_CONTAINER=true;DOTNET_VERSION=10.0.12,0
c1f6e335-d330-4991-9817-870d31061c8b,2026-09-25T05:22:06.5523101+00:00,kafka,100000,99998.3,-0.002,11.97,10000000,50,0,acks=-1;compression.type=none;enable.idempotence=False;socket.nagle.disable=True,DOTNET_RUNNING_IN_CONTAINER=true;DOTNET_VERSION=10.0.12,0
16af447b-eb05-4f1d-95ba-f81ff8c18d1f,2026-09-25T05:24:05.9445310+00:00,kafka,100000,99998.5,-0.002,4.96,10000000,50,0,acks=-1;compression.type=none;enable.idempotence=False;socket.nagle.disable=False,DOTNET_RUNNING_IN_CONTAINER=true;DOTNET_VERSION=10.0.12,0
1f9aa4ef-4c1c-43f5-9352-780af9f92414,2026-09-25T05:26:05.5639027+00:00,kafka,100000,99998.0,-0.002,9.53,10000000,50,0,acks=-1;compression.type=none;enable.idempotence=False;socket.nagle.disable=True,DOTNET_RUNNING_IN_CONTAINER=true;DOTNET_VERSION=10.0.12,0
91fd2d16-d895-4bc8-b771-0eeaa69dc456,2026-09-25T05:28:05.7916804+00:00,kafka,200000,199995.5,-0.002,2773.43,20000000,101,0,acks=-1;compression.type=none;enable.idempotence=False;queue.buffering.max.messages=1000000,DOTNET_RUNNING_IN_CONTAINER=true;DOTNET_VERSION=10.0.12,0
433e8f0a-86e1-48f4-8e4e-2b28e4f13ab1,2026-09-25T05:30:05.0002292+00:00,kafka,200000,199996.8,-0.002,1138.74,20000000,101,0,acks=-1;compression.type=none;enable.idempotence=False;queue.buffering.max.messages=100000,DOTNET_RUNNING_IN_CONTAINER=true;DOTNET_VERSION=10.0.12,0
b793baa8-b311-4b4c-b579-3bdb398f331f,2026-09-25T05:32:04.2905294+00:00,kafka,200000,199996.6,-0.002,22.02,20000000,101,0,acks=-1;compression.type=none;enable.idempotence=False;queue.buffering.max.messages=1000000,DOTNET_RUNNING_IN_CONTAINER=true;DOTNET_VERSION=10.0.12,0
57d5601d-0ded-4c3b-ad81-be1c9d0ea62e,2026-09-25T05:34:06.1119589+00:00,kafka,200000,199995.9,-0.002,1264.78,20000000,101,0,acks=-1;compression.type=none;enable.idempotence=False;queue.buffering.max.messages=100000,DOTNET_RUNNING_IN_CONTAINER=true;DOTNET_VERSION=10.0.12,0
7da78d11-4771-4efd-8f86-5bf778742161,2026-09-25T05:36:05.5541643+00:00,kafka,200000,199996.2,-0.002,22.85,20000000,101,0,acks=-1;compression.type=none;enable.idempotence=False;queue.buffering.max.messages=1000000,DOTNET_RUNNING_IN_CONTAINER=true;DOTNET_VERSION=10.0.12,0
3337ef95-d318-422f-8e29-232a25a50d10,2026-09-25T05:38:07.4747427+00:00,kafka,200000,199996.0,-0.002,1436.68,20000000,101,0,acks=-1;compression.type=none;enable.idempotence=False;queue.buffering.max.messages=100000,DOTNET_RUNNING_IN_CONTAINER=true;DOTNET_VERSION=10.0.12,6
7b69977b-c549-4ee5-b317-0ccb89833daf,2026-09-25T05:40:16.8431992+00:00,rabbitmq,40000,39999.0,-0.002,14.20,4000000,20,0,confirm_batch=12500;connection_per_lane=true;em_voo_max=100000;lane_hash=crc32;partitions=4;persistent=true,DOTNET_RUNNING_IN_CONTAINER=true;DOTNET_VERSION=10.0.12,
2dc32878-405f-4d3d-9d61-d4e38ad56fad,2026-09-25T05:42:12.0155424+00:00,rabbitmq,40000,39999.4,-0.001,8.38,4000000,20,0,confirm_batch=12500;connection_per_lane=true;em_voo_max=100000;lane_hash=crc32;partitions=4;persistent=false,DOTNET_RUNNING_IN_CONTAINER=true;DOTNET_VERSION=10.0.12,
496e5124-5277-4ecb-869c-93ca85417baf,2026-09-25T05:44:07.4922137+00:00,rabbitmq,40000,39999.4,-0.002,8.98,4000000,20,0,confirm_batch=12500;connection_per_lane=true;em_voo_max=100000;lane_hash=crc32;partitions=4;persistent=true,DOTNET_RUNNING_IN_CONTAINER=true;DOTNET_VERSION=10.0.12,
dd1237c9-ffb0-4452-92e8-dc0246879d45,2026-09-25T05:46:02.8719191+00:00,rabbitmq,40000,39999.5,-0.001,15.88,4000000,20,0,confirm_batch=12500;connection_per_lane=true;em_voo_max=100000;lane_hash=crc32;partitions=4;persistent=false,DOTNET_RUNNING_IN_CONTAINER=true;DOTNET_VERSION=10.0.12,
efd26556-f3e2-4d5f-a6fe-b2a8673f5160,2026-09-25T05:47:58.2794508+00:00,rabbitmq,40000,39999.4,-0.002,13.81,4000000,20,0,confirm_batch=12500;connection_per_lane=true;em_voo_max=100000;lane_hash=crc32;partitions=4;persistent=true,DOTNET_RUNNING_IN_CONTAINER=true;DOTNET_VERSION=10.0.12,
15651580-78cc-44ae-a4b4-d276aa2abf41,2026-09-25T05:49:53.5223893+00:00,rabbitmq,40000,39999.5,-0.001,8.33,4000000,20,0,confirm_batch=12500;connection_per_lane=true;em_voo_max=100000;lane_hash=crc32;partitions=4;persistent=false,DOTNET_RUNNING_IN_CONTAINER=true;DOTNET_VERSION=10.0.12,
dbca20de-08a0-4894-b347-98a00617908c,2026-09-25T05:51:48.6829668+00:00,rabbitmq,40000,39998.6,-0.004,11.73,4000000,20,0,confirm_batch=12500;connection_per_lane=true;em_voo_max=100000;lane_hash=crc32;partitions=4;persistent=true,DOTNET_RUNNING_IN_CONTAINER=true;DOTNET_VERSION=10.0.12,
00352f53-0793-46fb-91b8-7253a427eeaa,2026-09-25T05:53:44.0330997+00:00,rabbitmq,40000,39999.2,-0.002,10.52,4000000,20,0,confirm_batch=12500;connection_per_lane=true;em_voo_max=100000;lane_hash=crc32;partitions=4;persistent=true,DOTNET_RUNNING_IN_CONTAINER=true;DOTNET_VERSION=10.0.12,
ecd57652-6717-428c-a134-5c951c3dde2a,2026-09-25T05:55:39.1418607+00:00,rabbitmq,40000,39999.4,-0.002,9.54,4000000,20,0,confirm_batch=12500;connection_per_lane=true;em_voo_max=100000;lane_hash=crc32;partitions=4;persistent=true,DOTNET_RUNNING_IN_CONTAINER=true;DOTNET_VERSION=10.0.12,
6ce51314-3f73-4e66-8de9-cf48ce86fa88,2026-09-25T05:57:34.6384145+00:00,rabbitmq,40000,39998.8,-0.003,8.91,4000000,20,0,confirm_batch=12500;connection_per_lane=true;em_voo_max=100000;lane_hash=crc32;partitions=4;persistent=true,DOTNET_RUNNING_IN_CONTAINER=true;DOTNET_VERSION=10.0.12,
6b39cf5d-f6e0-4f3c-8550-258a77f0e6b9,2026-09-25T05:59:29.5881059+00:00,rabbitmq,40000,39999.0,-0.003,13.46,4000000,20,0,confirm_batch=12500;connection_per_lane=true;em_voo_max=100000;lane_hash=crc32;partitions=4;persistent=true,DOTNET_RUNNING_IN_CONTAINER=true;DOTNET_VERSION=10.0.12,
c954ab43-0200-48c3-a917-e150a4f1bb6c,2026-09-25T06:01:24.7000526+00:00,rabbitmq,40000,39999.0,-0.002,16.65,4000000,20,0,confirm_batch=12500;connection_per_lane=true;em_voo_max=100000;lane_hash=crc32;partitions=4;persistent=true,DOTNET_RUNNING_IN_CONTAINER=true;DOTNET_VERSION=10.0.12,
f3fcc597-3627-4554-99db-60464b9300b1,2026-09-25T06:03:19.8988870+00:00,rabbitmq,60000,59998.1,-0.003,29.19,6000000,30,0,confirm_batch=12500;connection_per_lane=true;em_voo_max=100000;lane_hash=crc32;partitions=4;persistent=true,DOTNET_RUNNING_IN_CONTAINER=true;DOTNET_VERSION=10.0.12,
86e7444c-2137-4052-ac5e-c6b7f9ddb644,2026-09-25T06:05:15.2019667+00:00,rabbitmq,60000,59998.2,-0.003,12.99,6000000,30,0,confirm_batch=12500;connection_per_lane=true;em_voo_max=100000;lane_hash=crc32;partitions=4;persistent=true,DOTNET_RUNNING_IN_CONTAINER=true;DOTNET_VERSION=10.0.12,
92014905-6725-4b9c-a200-510aaafa6650,2026-09-25T06:07:10.5066709+00:00,rabbitmq,60000,59997.9,-0.004,12.54,6000000,30,0,confirm_batch=12500;connection_per_lane=true;em_voo_max=100000;lane_hash=crc32;partitions=4;persistent=true,DOTNET_RUNNING_IN_CONTAINER=true;DOTNET_VERSION=10.0.12,
3ee768b7-1d2b-4815-9523-59e383dd3e6f,2026-09-25T06:09:05.7335167+00:00,rabbitmq,60000,59997.8,-0.004,13.24,6000000,30,0,confirm_batch=12500;connection_per_lane=true;em_voo_max=100000;lane_hash=crc32;partitions=4;persistent=true,DOTNET_RUNNING_IN_CONTAINER=true;DOTNET_VERSION=10.0.12,
90eaaa9d-dcfa-457f-b892-c28916a6466a,2026-09-25T06:11:01.0166372+00:00,rabbitmq,60000,59998.2,-0.003,12.19,6000000,30,0,confirm_batch=12500;connection_per_lane=true;em_voo_max=100000;lane_hash=crc32;partitions=4;persistent=true,DOTNET_RUNNING_IN_CONTAINER=true;DOTNET_VERSION=10.0.12,
99340e2d-6ed2-436e-acc4-aa0b29ae7037,2026-09-25T06:12:56.4499285+00:00,rabbitmq,60000,59998.2,-0.003,13.44,6000000,30,0,confirm_batch=12500;connection_per_lane=true;em_voo_max=100000;lane_hash=crc32;partitions=4;persistent=true,DOTNET_RUNNING_IN_CONTAINER=true;DOTNET_VERSION=10.0.12,
e4618625-f758-405a-9d3d-df24458f6808,2026-09-25T06:14:51.7801163+00:00,rabbitmq,60000,59998.8,-0.002,43.09,6000000,30,0,confirm_batch=1000;connection_per_lane=true;em_voo_max=8000;lane_hash=crc32;partitions=4;persistent=true,DOTNET_RUNNING_IN_CONTAINER=true;DOTNET_VERSION=10.0.12,
b6e0e7b2-017b-46d3-8db7-dcf7de36395f,2026-09-25T06:16:47.1042164+00:00,rabbitmq,60000,59998.8,-0.002,18.85,6000000,30,0,confirm_batch=12500;connection_per_lane=true;em_voo_max=100000;lane_hash=crc32;partitions=4;persistent=true,DOTNET_RUNNING_IN_CONTAINER=true;DOTNET_VERSION=10.0.12,
693f2217-9350-4f09-a4de-99dcf5b0f4d5,2026-09-25T06:18:42.2122262+00:00,rabbitmq,60000,59998.7,-0.002,41.59,6000000,30,0,confirm_batch=1000;connection_per_lane=true;em_voo_max=8000;lane_hash=crc32;partitions=4;persistent=true,DOTNET_RUNNING_IN_CONTAINER=true;DOTNET_VERSION=10.0.12,
81b0981d-6218-4d65-888a-8396c8078247,2026-09-25T06:20:37.9248901+00:00,rabbitmq,60000,59997.5,-0.004,12.31,6000000,30,0,confirm_batch=12500;connection_per_lane=true;em_voo_max=100000;lane_hash=crc32;partitions=4;persistent=true,DOTNET_RUNNING_IN_CONTAINER=true;DOTNET_VERSION=10.0.12,
9e6de696-b247-42d6-8e25-8a55d24e8101,2026-09-25T06:22:33.5045991+00:00,rabbitmq,60000,59998.9,-0.002,38.66,6000000,30,0,confirm_batch=1000;connection_per_lane=true;em_voo_max=8000;lane_hash=crc32;partitions=4;persistent=true,DOTNET_RUNNING_IN_CONTAINER=true;DOTNET_VERSION=10.0.12,
74f21b4c-7f4c-4510-b757-51b7c58a4a34,2026-09-25T06:24:28.9240806+00:00,rabbitmq,60000,59998.4,-0.003,12.52,6000000,30,0,confirm_batch=12500;connection_per_lane=true;em_voo_max=100000;lane_hash=crc32;partitions=4;persistent=true,DOTNET_RUNNING_IN_CONTAINER=true;DOTNET_VERSION=10.0.12,
