"timestamp","run_id","architecture","partitions","target_rate","replication","synthetic_cost_us","persistence","events","seconds","throughput","mean_us","p50_us","p95_us","p99_us","max_us","cpu_avg","cpu_peak","mem_avg_mb","mem_peak_mb","gc_gen0","gc_gen1","gc_gen2","allocated_mb","windows","digest_hash","warmup_events","measured_events","windows_written","windows_dropped","producer_achieved_rate","producer_jitter_ms","broker_cpu_avg","broker_cpu_peak","broker_mem_avg_mb","broker_mem_peak_mb","db_cpu_avg","db_cpu_peak","db_mem_avg_mb","db_mem_peak_mb","consumer_container_cpu_avg","consumer_container_mem_peak_mb","producer_cpu_avg","producer_cpu_peak","producer_mem_peak_mb","client_placement","warmup_seconds","measure_seconds","commit"
"2026-09-23T16:52:53.1710281+00:00","15a50be6-48b3-4aef-b772-879f4d7695dc","kafka-channels","4","60000","3","0","1","6000000","89.931","60001.3","3122.3","3119","5375","5719","18511","49.2","132.9","103.1","107.9","589","11","1","5266","1581635","7B60F4074FB17651","604010","5395990","1581635","0","59998.6","4.96","58.5","119.7","1278.0","1671.3","4.8","6.5","179.2","304.6","50.8","56.7","109.9","112.5","115.0","container","10","90","7e283c2"
"2026-09-23T16:54:52.5055957+00:00","cfcf9384-ec8d-4ecb-912b-30a6f29becb8","kafka-direct","4","20000","3","0","1","2000000","89.946","20000.2","3048.6","3049","5379","5655","27503","17.3","70.8","100.4","104.6","197","10","1","1769","527750","CF55C698510651DB","201069","1798931","527750","0","19997.6","6.50","44.7","53.7","1445.3","1576.0","1.9","2.8","313.7","314.3","17.7","111.1","106.8","108.9","229.5","container","10","90","7e283c2"
"2026-09-23T16:56:51.9987699+00:00","67371d98-8cb5-46a8-a1cc-7aa5f467778c","kafka-direct","4","40000","5","0","1","4000000","89.944","40001.6","3070.6","3061","5339","5623","48223","22.6","77.4","100.7","102.7","392","10","1","3518","1054171","1B1596EF15511858","402111","3597889","1054171","0","39999.3","4.53","45.2","52.3","1418.4","1520.3","3.2","4.5","314.6","316.1","23.0","160.6","108.3","110.4","343.8","container","10","90","7e283c2"
"2026-09-23T16:58:47.7835838+00:00","52ff907e-fc96-4bab-97b4-64b70e48d645","rabbitmq-channels","4","60000","4","0","1","6000000","89.983","60001.2","1735.7","974","4559","21263","43615","99.5","215.0","88.0","91.7","447","11","2","4001","1581635","7B60F4074FB17651","600934","5399066","1581635","0","59998.8","26.90","299.2","308.8","154.3","238.7","5.8","7.8","315.1","317.3","102.4","204.9","286.3","294.7","432.0","container","10","90","7e283c2"
"2026-09-23T17:00:46.8885060+00:00","4149d4d0-3670-4529-bc57-43c74aca9f9f","kafka-direct","4","60000","5","0","1","6000000","89.946","60001.1","4154.5","3101","5367","16655","247039","27.5","94.1","106.6","110.9","588","11","1","5264","1581635","7B60F4074FB17651","603141","5396859","1581635","0","59998.6","4.79","46.8","53.0","1506.6","1704.6","4.7","6.3","320.7","323.3","28.3","208.4","110.1","111.9","433.8","container","10","90","7e283c2"
"2026-09-23T17:02:46.1205414+00:00","99ff323e-5552-4cf2-a14e-b08dc0ce5665","kafka-pipelines","4","60000","3","0","1","6000000","89.944","60000.9","3136.9","3133","5379","5715","29871","51.7","136.9","104.7","109.9","589","11","1","5265","1581635","7B60F4074FB17651","603274","5396726","1581635","0","59998.8","6.40","49.8","54.7","1524.3","1769.1","4.9","6.7","320.6","326.2","53.2","215.5","110.0","111.9","433.7","container","10","90","7e283c2"
"2026-09-23T17:04:41.8220707+00:00","673461af-c73c-421b-a555-8d2679ffddee","rabbitmq-channels","4","60000","3","0","1","6000000","89.986","60000.2","1815.3","993","4743","22783","57055","99.2","213.1","88.2","91.2","448","10","2","4008","1581635","7B60F4074FB17651","600848","5399152","1581635","0","59998.8","27.16","300.4","309.6","154.0","245.5","5.9","8.5","322.4","324.8","102.6","202.6","285.5","292.9","375.8","container","10","90","7e283c2"
"2026-09-23T17:06:41.4689483+00:00","f4784a1c-7fa9-41fb-a82c-47b82483da54","kafka-direct","4","20000","1","0","1","2000000","89.947","20000.6","3043.1","3047","5379","5643","11647","17.1","64.8","104.1","108.8","197","10","1","1769","527750","CF55C698510651DB","201011","1798989","527750","0","19999.7","4.44","45.2","52.0","1437.3","1568.4","1.9","2.7","321.1","321.7","17.4","214.3","106.8","108.8","402.5","container","10","90","7e283c2"
"2026-09-23T17:08:40.4044665+00:00","682a1f75-5198-4886-8224-ce454484e682","kafka-pipelines","4","60000","4","0","1","6000000","89.942","60002.1","3080.6","3079","5327","5615","11399","52.0","110.8","105.2","109.4","589","11","1","5264","1581635","7B60F4074FB17651","603308","5396692","1581635","0","59998.7","4.54","42.9","57.7","1470.5","1591.9","4.4","6.3","322.2","324.3","48.5","214.9","108.5","112.0","401.0","container","10","90","7e283c2"
"2026-09-23T17:10:35.3363317+00:00","4a93cc41-fb90-4cb0-ba99-149843c0508e","rabbitmq-channels","4","10000","2","0","1","1000000","89.983","10000.0","552.5","486","846","1548","21023","69.1","159.0","87.1","92.0","80","7","1","719","263875","0E72CBF60A5BBB63","100163","899837","263875","0","9999.9","8.05","218.9","223.7","127.0","196.3","1.5","2.2","320.9","321.4","71.4","199.4","225.7","233.5","372.5","container","10","90","7e283c2"
"2026-09-23T17:12:30.4100892+00:00","54dbaf6e-5b7d-49d0-98b2-6f78e04209ef","rabbitmq-direct","4","40000","5","0","1","4000000","89.986","40000.3","943.2","636","1790","9663","33887","78.0","169.2","89.3","91.1","299","11","1","2681","1054171","1B1596EF15511858","400517","3599483","1054171","0","39999.2","10.29","271.5","277.0","138.9","177.0","4.0","5.3","321.9","323.5","80.1","202.6","290.2","297.1","370.3","container","10","90","7e283c2"
"2026-09-23T17:14:29.3722834+00:00","9a8f53b7-1691-4a74-8e86-feda611932eb","kafka-direct","4","60000","4","0","1","6000000","89.946","60001.1","3137.2","3139","5379","5735","11735","28.0","70.4","104.3","107.4","588","11","1","5265","1581635","7B60F4074FB17651","603140","5396860","1581635","0","59998.5","4.38","48.6","58.8","1535.8","1710.9","4.8","6.6","322.5","324.0","28.7","203.4","106.4","112.8","370.0","container","10","90","7e283c2"
"2026-09-23T17:16:24.5209818+00:00","8511604e-f9f1-4579-b717-79f2df58b1da","rabbitmq-channels","4","40000","2","0","1","4000000","89.985","40000.1","885.5","636","1771","6279","29935","82.7","167.7","87.4","89.6","299","11","1","2681","1054171","1B1596EF15511858","400589","3599411","1054171","0","39999.7","9.05","241.7","283.6","138.3","148.6","3.7","5.3","321.9","323.5","82.0","188.2","266.6","297.0","375.9","container","10","90","7e283c2"
"2026-09-23T17:18:23.8258188+00:00","7624371e-5613-41e2-b790-ff8e5d85e0cd","kafka-channels","4","20000","4","0","1","2000000","89.945","20000.2","3057.2","3057","5407","5679","12207","25.4","73.1","100.6","105.2","197","10","1","1770","527750","CF55C698510651DB","201082","1798918","527750","0","19999.6","5.51","46.0","51.1","1455.5","1702.3","1.8","2.7","320.9","321.8","24.6","195.5","105.9","108.8","403.7","container","10","90","7e283c2"
"2026-09-23T17:20:22.9465840+00:00","81ed13f5-cc3f-4ccd-9419-5813670b74d5","kafka-pipelines","4","20000","4","0","1","2000000","89.945","20000.6","3066.8","3067","5419","5687","10751","26.0","71.6","103.5","108.1","197","10","1","1770","527750","CF55C698510651DB","201038","1798962","527750","0","19999.7","4.74","45.4","51.1","1386.7","1491.2","1.9","2.8","321.2","322.1","26.8","206.4","106.9","108.8","430.8","container","10","90","7e283c2"
"2026-09-23T17:22:21.9182666+00:00","214fb660-d439-48a4-8201-5dd2a2a8de4f","kafka-pipelines","4","20000","5","0","1","2000000","89.943","20000.7","3061.1","3061","5411","5683","11359","26.1","76.4","103.1","109.1","197","10","1","1770","527750","CF55C698510651DB","201069","1798931","527750","0","19999.6","9.03","45.5","50.4","1396.2","1588.3","1.9","2.9","321.3","322.2","26.8","206.3","107.0","108.8","430.9","container","10","90","7e283c2"
"2026-09-23T17:24:21.3718614+00:00","d779a5a4-22d2-4d10-9ece-1ff1d929df55","kafka-pipelines","4","40000","2","0","1","4000000","89.943","40001.7","3151.2","3089","5379","5683","102463","38.8","121.4","101.7","107.0","393","10","1","3518","1054171","1B1596EF15511858","402121","3597879","1054171","0","39999.2","4.64","47.0","52.1","1418.0","1461.6","3.3","4.7","321.8","323.2","39.7","221.8","108.2","110.1","463.1","container","10","90","7e283c2"
"2026-09-23T17:26:20.3581453+00:00","29770ce6-3374-478d-b454-bb3f6de3e90f","kafka-direct","4","20000","4","0","1","2000000","89.944","20000.4","3051.2","3053","5387","5655","10575","17.1","71.0","99.6","103.6","197","10","1","1768","527750","CF55C698510651DB","201076","1798924","527750","0","19999.7","4.70","41.0","70.6","1424.7","1594.4","1.8","2.9","321.5","322.8","15.6","216.5","104.5","108.8","427.1","container","10","90","7e283c2"
"2026-09-23T17:28:15.4012407+00:00","b04c74d7-2c14-4046-9d30-2c98f62b5e44","rabbitmq-channels","4","20000","3","0","1","2000000","89.982","20000.2","643.7","524","1009","2601","27055","68.9","131.6","91.3","95.6","153","11","1","1368","527750","CF55C698510651DB","200334","1799666","527750","0","19999.8","7.49","236.6","241.0","119.5","124.8","2.2","3.3","321.1","322.0","71.0","207.0","250.8","261.1","366.4","container","10","90","7e283c2"
"2026-09-23T17:30:10.4595895+00:00","48ed097d-7298-4f2c-a440-04b32874483c","rabbitmq-direct","4","60000","4","0","1","6000000","89.984","60002.0","1833.9","985","4955","22367","52031","95.3","195.8","87.4","90.6","447","11","2","4000","1581635","7B60F4074FB17651","600752","5399248","1581635","0","59999.5","23.36","303.4","312.3","148.8","186.8","5.8","7.5","322.7","324.2","98.0","195.3","286.5","294.9","341.9","container","10","90","7e283c2"
"2026-09-23T17:32:05.7934591+00:00","63fc7694-3ada-493d-98a1-7d96321fcdec","rabbitmq-pipelines","4","20000","4","0","1","2000000","89.984","20000.0","621.3","525","988","2123","23647","69.5","138.8","91.9","96.5","153","11","1","1368","527750","CF55C698510651DB","200309","1799691","527750","0","19999.8","9.25","235.6","240.9","123.9","181.5","2.2","3.5","321.3","322.3","71.5","189.1","248.6","254.8","346.3","container","10","90","7e283c2"
"2026-09-23T17:34:04.9822108+00:00","46aabbb0-8380-47e3-9e23-ac176ae5b118","kafka-channels","4","40000","3","0","1","4000000","89.943","40000.3","3104.8","3105","5395","5711","12799","37.7","114.5","102.5","106.2","393","10","1","3520","1054171","1B1596EF15511858","402237","3597763","1054171","0","39999.4","4.49","42.8","66.7","1419.2","1459.0","3.1","4.4","322.1","323.4","34.6","193.6","102.5","110.7","377.9","container","10","90","7e283c2"
"2026-09-23T17:36:00.5353270+00:00","025a4416-c850-40ae-9ed7-3d6ae4521f57","rabbitmq-channels","4","40000","1","0","1","4000000","89.983","40000.1","927.7","654","1874","7215","32127","82.6","172.0","89.2","91.1","299","10","1","2681","1054171","1B1596EF15511858","400656","3599344","1054171","0","39999.2","11.73","256.6","286.5","146.2","223.6","3.6","5.9","321.8","323.0","77.7","189.7","245.7","295.1","347.3","container","10","90","7e283c2"
"2026-09-23T17:37:59.7311560+00:00","fa6cf46a-18f8-475a-ba0d-e882ea27d5cf","kafka-channels","4","20000","3","0","1","2000000","89.944","20000.5","3076.0","3077","5427","5699","10679","25.3","82.8","105.1","111.1","197","10","1","1769","527750","CF55C698510651DB","201078","1798922","527750","0","19997.7","4.83","43.6","58.0","1421.2","1605.9","1.6","2.6","321.3","321.9","23.6","205.6","101.5","109.2","367.4","container","10","90","7e283c2"
"2026-09-23T17:39:55.0681398+00:00","777d83a7-7209-4764-896b-6b803fe5163c","rabbitmq-pipelines","4","20000","2","0","1","2000000","89.984","20000.1","645.6","526","1070","2961","24047","68.9","164.3","88.8","92.3","153","10","1","1368","527750","CF55C698510651DB","200305","1799695","527750","0","19999.8","8.92","221.0","250.9","120.7","124.9","2.0","3.3","322.0","327.9","68.1","199.1","223.8","259.0","338.5","container","10","90","7e283c2"
"2026-09-23T17:41:54.1764407+00:00","43a0ccab-172f-4c12-b72a-658caa0ee9a6","kafka-channels","4","10000","3","0","1","1000000","89.945","10000.0","3113.9","3077","5539","5867","11999","20.3","73.6","99.1","105.4","100","9","1","895","263875","0E72CBF60A5BBB63","100542","899458","263875","0","9999.8","4.69","46.3","56.0","1385.2","1515.7","1.2","2.1","320.9","321.4","20.7","193.3","103.9","108.2","369.6","container","10","90","7e283c2"
"2026-09-23T17:43:49.8825020+00:00","df4b4061-1dca-415d-82a3-191e84ddd868","rabbitmq-direct","4","60000","1","0","1","6000000","89.977","60000.5","1988.2","1032","5599","25423","67583","94.7","221.8","89.9","93.2","447","11","2","3998","1581635","7B60F4074FB17651","601344","5398656","1581635","0","59999.1","22.32","288.2","317.6","161.3","248.8","5.6","7.5","323.0","325.8","92.5","199.4","264.8","292.3","370.5","container","10","90","7e283c2"
"2026-09-23T17:45:49.7851159+00:00","0475ddc1-fe24-4840-af2d-9b2b9827ea17","kafka-direct","4","40000","4","0","1","4000000","89.949","40000.9","3121.4","3123","5395","5711","12303","22.9","79.9","103.3","106.4","392","10","1","3518","1054171","1B1596EF15511858","401945","3598055","1054171","0","39999.4","4.48","44.3","53.6","1409.5","1482.2","3.1","4.4","321.9","323.0","23.4","198.7","97.1","110.4","402.6","container","10","90","7e283c2"
"2026-09-23T17:47:45.2469664+00:00","46420c33-2e0f-4b0c-b3d3-790efa8d3b95","rabbitmq-pipelines","4","40000","5","0","1","4000000","89.986","40000.3","908.8","635","1737","7947","30847","83.0","184.8","93.6","97.9","299","11","1","2682","1054171","1B1596EF15511858","400552","3599448","1054171","0","39999.6","11.83","254.7","277.0","142.5","192.6","3.8","5.5","321.9","323.6","78.7","202.7","275.2","297.9","372.6","container","10","90","7e283c2"
"2026-09-23T17:49:40.8141082+00:00","d28f5673-0e97-450b-b1a9-7af736b0c94f","rabbitmq-channels","4","10000","3","0","1","1000000","89.982","10000.0","544.4","482","826","1448","22959","69.0","150.2","86.0","89.8","80","7","1","720","263875","0E72CBF60A5BBB63","100172","899828","263875","0","9999.9","9.71","218.9","223.6","131.0","194.4","1.4","2.3","321.2","322.0","71.3","190.9","224.2","229.0","345.7","container","10","90","7e283c2"
"2026-09-23T17:51:40.1247585+00:00","a8d3f6f2-e28b-41a8-b08b-567163276ed8","kafka-channels","4","40000","4","0","1","4000000","89.942","40000.9","3099.7","3095","5387","5695","30191","37.3","101.3","104.1","106.2","393","10","1","3519","1054171","1B1596EF15511858","402224","3597776","1054171","0","39999.3","4.50","45.5","68.3","1486.8","1671.5","2.9","4.6","322.2","323.3","35.5","200.1","101.4","110.5","370.7","container","10","90","7e283c2"
"2026-09-23T17:53:39.0932676+00:00","7f8be8d1-d18c-4081-b43e-1e10386d8628","kafka-pipelines","4","40000","5","0","1","4000000","89.946","40001.1","3087.5","3085","5375","5671","13639","39.3","109.9","104.0","108.8","393","11","1","3518","1054171","1B1596EF15511858","402051","3597949","1054171","0","39999.3","4.24","44.1","49.7","1510.8","1668.4","3.1","4.5","322.2","326.0","39.0","204.6","105.6","110.4","370.7","container","10","90","7e283c2"
"2026-09-23T17:55:34.6485805+00:00","6eb19b64-2b63-4448-8535-b59c6ea188a2","rabbitmq-direct","4","10000","4","0","1","1000000","89.987","10000.0","555.0","475","817","1558","40095","63.1","142.2","87.3","92.1","80","8","1","719","263875","0E72CBF60A5BBB63","100127","899873","263875","0","9999.9","8.09","211.3","226.8","126.3","129.6","1.4","2.4","320.9","321.2","58.6","193.0","204.7","231.6","369.5","container","10","90","7e283c2"
"2026-09-23T17:57:30.0495161+00:00","61660faa-27b4-4eed-9e23-5efef4cbc4e2","rabbitmq-channels","4","20000","4","0","1","2000000","89.984","20000.1","627.5","524","997","2247","26943","68.4","149.6","89.6","93.4","153","10","1","1368","527750","CF55C698510651DB","200309","1799691","527750","0","19999.9","7.78","207.9","247.3","121.7","129.2","2.2","3.6","321.4","322.1","67.6","201.0","231.3","260.4","370.5","container","10","90","7e283c2"
"2026-09-23T17:59:29.3983784+00:00","a7de23a4-2dc4-4354-aaca-10a35652e0ce","kafka-direct","4","60000","1","0","1","6000000","89.943","60002.2","3176.6","3091","5335","5679","79935","27.7","89.6","105.7","107.7","588","11","1","5264","1581635","7B60F4074FB17651","603205","5396795","1581635","0","59998.7","5.82","42.8","60.1","1536.8","1678.3","4.6","6.4","322.6","324.1","27.2","200.8","109.8","111.8","402.3","container","10","90","7e283c2"
"2026-09-23T18:01:29.1994617+00:00","c3fc6dab-8361-4ebd-8171-f48b4e943710","kafka-direct","4","60000","3","0","1","6000000","89.948","60001.0","3384.7","3089","5335","5683","215167","27.8","71.3","100.2","103.1","588","11","1","5265","1581635","7B60F4074FB17651","603044","5396956","1581635","0","59999.1","5.73","45.0","53.2","1565.9","1676.8","4.4","5.9","323.2","329.6","28.5","198.6","105.0","111.9","370.3","container","10","90","7e283c2"
"2026-09-23T18:03:24.5388922+00:00","dec9ad4e-ac53-4d11-9934-1d9493b6e1d2","rabbitmq-direct","4","60000","5","0","1","6000000","89.988","59999.5","1744.2","955","4259","23279","44159","95.1","189.4","87.9","92.2","447","11","2","4000","1581635","7B60F4074FB17651","600778","5399222","1581635","0","59998.4","24.37","286.2","310.0","156.2","253.5","5.7","7.3","322.9","325.1","93.0","198.3","273.7","295.5","342.1","container","10","90","7e283c2"
"2026-09-23T18:05:23.5573806+00:00","59cd3ef7-b80c-4adb-989a-9452100931b4","kafka-channels","4","10000","4","0","1","1000000","89.941","10000.4","3142.5","3051","5515","5855","93119","19.7","63.5","97.4","102.4","100","9","1","895","263875","0E72CBF60A5BBB63","100558","899442","263875","0","9999.8","7.18","41.6","47.5","1484.3","1707.6","1.2","2.3","321.4","324.7","18.3","204.4","102.4","107.8","369.3","container","10","90","7e283c2"
"2026-09-23T18:07:22.5461966+00:00","48494f73-fa8d-40d8-9722-3d1b72abc5f6","kafka-direct","4","40000","2","0","1","4000000","89.944","40001.4","3110.0","3111","5383","5707","12535","22.6","86.9","99.7","102.0","392","10","1","3518","1054171","1B1596EF15511858","402109","3597891","1054171","0","39999.3","6.12","43.7","52.4","1446.5","1582.4","3.2","4.5","322.3","323.7","23.3","196.8","107.9","110.1","401.3","container","10","90","7e283c2"
"2026-09-23T18:09:21.8278547+00:00","6cafa85d-15b1-4449-b2ec-2bcaf1f0b726","kafka-channels","4","10000","2","0","1","1000000","89.943","10000.4","3074.6","3031","5491","5815","11071","19.6","72.1","100.4","107.0","100","9","1","895","263875","0E72CBF60A5BBB63","100533","899467","263875","0","9999.8","5.79","42.0","49.6","1437.3","1597.9","1.3","2.1","321.2","321.8","20.0","195.5","105.8","107.5","428.1","container","10","90","7e283c2"
"2026-09-23T18:11:17.2913605+00:00","de49777f-d596-4c20-9d49-977b0b97fd06","rabbitmq-channels","4","20000","2","0","1","2000000","89.984","20000.1","624.7","526","1005","2261","24431","68.5","143.3","88.9","92.5","153","11","1","1368","527750","CF55C698510651DB","200311","1799689","527750","0","19999.8","9.90","234.9","242.2","129.2","195.7","2.2","3.0","321.5","322.1","70.5","198.2","247.7","255.9","428.3","container","10","90","7e283c2"
"2026-09-23T18:13:16.1517203+00:00","c3c3f4e3-0a51-4e13-91bd-85a4ba1dcce6","kafka-pipelines","4","10000","3","0","1","1000000","89.945","10000.4","3082.3","3039","5499","5827","12815","19.9","68.5","98.0","102.0","100","9","1","895","263875","0E72CBF60A5BBB63","100515","899485","263875","0","9999.8","5.51","43.2","48.4","1395.9","1541.9","1.2","1.9","321.2","321.8","20.4","201.2","105.7","107.6","427.4","container","10","90","7e283c2"
"2026-09-23T18:15:11.5567710+00:00","3dd627f4-c26f-42e4-ba53-984e081b5640","rabbitmq-pipelines","4","60000","4","0","1","6000000","89.986","60000.6","1799.9","989","4759","22207","47615","100.1","198.7","91.4","94.3","447","11","2","4002","1581635","7B60F4074FB17651","600796","5399204","1581635","0","59997.9","29.71","300.4","308.1","148.0","163.2","5.8","6.7","322.9","325.2","103.2","195.5","284.9","293.4","402.2","container","10","90","7e283c2"
"2026-09-23T18:17:11.1575300+00:00","e097793a-d176-40ab-a10c-5ce0a5bf316f","kafka-channels","4","40000","1","0","1","4000000","89.940","40001.8","3081.7","3081","5371","5675","16295","37.3","89.0","103.4","108.6","393","10","1","3518","1054171","1B1596EF15511858","402232","3597768","1054171","0","39999.4","10.05","44.7","51.1","1463.9","1581.9","3.2","4.0","322.5","327.5","38.3","199.7","108.3","110.2","404.1","container","10","90","7e283c2"
"2026-09-23T18:19:10.3912601+00:00","d67da5f1-2edc-4204-b549-c0ad91ab1301","kafka-pipelines","4","10000","1","0","1","1000000","89.945","10000.2","3079.4","3035","5495","5819","11495","19.9","84.8","101.7","108.4","100","9","1","895","263875","0E72CBF60A5BBB63","100538","899462","263875","0","9998.8","4.32","39.1","46.9","1428.3","1527.0","1.2","1.9","321.3","321.8","18.2","201.0","93.1","107.5","398.9","container","10","90","7e283c2"
"2026-09-23T18:21:05.5861544+00:00","a785b68f-0248-45c5-9bc3-3ab064414565","rabbitmq-channels","4","20000","1","0","1","2000000","89.984","20000.1","637.5","522","994","2611","29695","68.6","125.9","89.2","93.7","153","10","1","1368","527750","CF55C698510651DB","200322","1799678","527750","0","19999.8","10.24","235.7","240.7","128.4","199.0","2.2","3.2","321.5","322.2","70.7","203.5","251.3","262.3","371.5","container","10","90","7e283c2"
"2026-09-23T18:23:00.9734704+00:00","ae85184e-e3d1-4843-9145-70b4676b0fdd","rabbitmq-pipelines","4","40000","1","0","1","4000000","89.979","40000.1","931.1","631","1743","9767","33119","84.1","240.1","87.8","90.1","299","10","1","2680","1054171","1B1596EF15511858","400826","3599174","1054171","0","39999.6","15.17","270.0","276.3","141.8","179.6","3.9","5.3","322.3","323.8","86.0","197.0","288.8","296.0","370.7","container","10","90","7e283c2"
"2026-09-23T18:24:56.5517861+00:00","7a03faf0-818e-4836-8e43-12a77048d4b9","rabbitmq-pipelines","4","10000","2","0","1","1000000","89.984","10000.0","544.1","480","823","1426","20895","68.8","152.0","87.4","92.5","80","8","1","720","263875","0E72CBF60A5BBB63","100153","899847","263875","0","9999.9","8.83","217.5","223.1","126.2","132.5","1.4","2.3","321.4","322.1","71.0","185.7","222.8","229.3","374.4","container","10","90","7e283c2"
"2026-09-23T18:26:55.7418780+00:00","0452d876-437d-4caf-b399-77076ee2b11d","kafka-channels","4","40000","5","0","1","4000000","89.943","40001.6","3078.4","3079","5371","5663","11895","36.8","119.9","101.6","106.9","393","10","1","3519","1054171","1B1596EF15511858","402133","3597867","1054171","0","39995.4","4.93","45.3","51.1","1449.0","1511.7","3.2","4.4","322.6","325.9","37.8","187.7","108.5","110.5","375.7","container","10","90","7e283c2"
"2026-09-23T18:28:54.9326274+00:00","659ae8c0-e1c4-4538-b131-c045acb222ed","kafka-direct","4","10000","1","0","1","1000000","89.947","10000.2","3056.2","3013","5459","5787","24367","13.8","84.3","100.5","107.1","99","9","1","895","263875","0E72CBF60A5BBB63","100509","899491","263875","0","9999.8","4.23","40.8","71.0","1451.2","1551.1","1.1","1.8","321.3","322.3","13.4","191.1","96.6","107.5","366.0","container","10","90","7e283c2"
"2026-09-23T18:30:54.2561657+00:00","23ab9fe3-a4e2-48f6-837b-534fc5680718","kafka-direct","4","40000","3","0","1","4000000","89.946","40001.6","3095.0","3097","5371","5683","9943","22.8","76.6","102.3","105.8","392","11","1","3518","1054171","1B1596EF15511858","402020","3597980","1054171","0","39995.3","4.70","42.7","59.3","1454.1","1574.8","3.1","4.2","322.4","323.9","22.4","204.9","96.8","110.2","396.7","container","10","90","7e283c2"
"2026-09-23T18:32:49.8507561+00:00","8dee33fa-3d70-47f3-b296-ae5124876c04","rabbitmq-direct","4","40000","4","0","1","4000000","89.991","39998.5","880.9","640","1772","5935","30399","78.6","186.1","88.1","90.9","299","10","1","2680","1054171","1B1596EF15511858","400496","3599504","1054171","0","39997.3","10.09","256.0","275.6","144.6","194.6","3.8","5.2","322.4","323.8","75.9","202.3","281.7","294.9","397.3","container","10","90","7e283c2"
"2026-09-23T18:34:49.1138063+00:00","e689988c-ee44-4740-ba62-cc1008966e01","kafka-pipelines","4","10000","2","0","1","1000000","89.945","10000.2","3091.9","3049","5511","5839","11535","20.2","92.3","99.7","105.9","100","9","1","895","263875","0E72CBF60A5BBB63","100529","899471","263875","0","9999.8","4.60","43.3","48.6","1431.0","1625.9","1.2","1.6","321.2","322.1","19.8","195.1","95.5","107.9","430.4","container","10","90","7e283c2"
"2026-09-23T18:36:44.3863528+00:00","da82f1b9-2f54-4e2e-8e7f-1b9f0118782e","rabbitmq-channels","4","20000","5","0","1","2000000","89.985","19999.9","638.2","524","1008","2599","23871","68.4","172.5","90.1","93.8","153","11","1","1368","527750","CF55C698510651DB","200303","1799697","527750","0","19999.5","9.31","220.5","246.2","125.3","154.2","2.3","4.6","321.8","322.9","69.5","193.5","227.1","260.5","403.7","container","10","90","7e283c2"
"2026-09-23T18:38:39.7616452+00:00","1bc6d11e-843d-4ea5-a924-4608a8d2aaf2","rabbitmq-pipelines","4","40000","3","0","1","4000000","89.984","40000.1","924.5","631","1770","8583","33759","83.2","152.7","92.8","96.2","299","10","1","2681","1054171","1B1596EF15511858","400622","3599378","1054171","0","39999.7","11.82","261.7","284.0","143.7","157.7","3.6","5.3","322.2","323.6","78.8","190.2","269.9","296.2","377.9","container","10","90","7e283c2"
"2026-09-23T18:40:35.4393366+00:00","4ae96a31-3211-4243-afa1-b2391ab7bf56","rabbitmq-direct","4","20000","3","0","1","2000000","89.986","20000.1","627.6","521","989","2411","24879","63.5","125.5","88.5","92.1","152","10","1","1367","527750","CF55C698510651DB","200262","1799738","527750","0","19999.8","8.02","231.5","241.1","127.4","196.7","2.1","3.5","321.7","322.3","63.7","194.5","236.0","256.3","376.0","container","10","90","7e283c2"
"2026-09-23T18:42:31.0203156+00:00","f3b7aa8c-a08a-4715-a12b-9d2f5cb21d05","rabbitmq-direct","4","60000","2","0","1","6000000","89.988","60001.6","1736.5","972","4447","22111","41503","95.1","206.7","91.4","93.9","447","11","2","4000","1581635","7B60F4074FB17651","600598","5399402","1581635","0","59998.7","18.96","302.1","308.1","151.7","180.8","5.8","7.6","324.1","328.4","98.1","187.8","286.5","293.6","350.5","container","10","90","7e283c2"
"2026-09-23T18:44:25.9393882+00:00","05e2948f-19e3-4b99-936d-798a0bb64f4f","rabbitmq-pipelines","4","20000","3","0","1","2000000","89.985","20000.1","635.0","529","1015","2327","26047","69.9","137.2","88.9","92.4","152","10","1","1367","527750","CF55C698510651DB","200293","1799707","527750","0","19999.8","8.51","235.5","242.4","127.6","198.3","2.3","3.5","321.7","323.3","71.7","185.5","247.8","255.2","350.3","container","10","90","7e283c2"
"2026-09-23T18:46:21.1327586+00:00","cb226a94-3610-403c-856a-ff1557b1e9b9","rabbitmq-direct","4","10000","2","0","1","1000000","89.986","10000.1","536.0","474","807","1400","21887","63.9","161.9","85.7","89.2","80","8","1","720","263875","0E72CBF60A5BBB63","100139","899861","263875","0","9999.9","8.16","217.4","225.3","127.9","131.1","1.5","2.4","321.3","322.1","65.7","177.1","225.2","233.4","348.4","container","10","90","7e283c2"
"2026-09-23T18:48:20.2283819+00:00","f0ec7b40-964e-4698-8681-05d72dc711f8","kafka-direct","4","40000","1","0","1","4000000","89.944","40001.6","3085.7","3085","5359","5667","27183","22.7","90.5","103.6","105.9","392","10","1","3518","1054171","1B1596EF15511858","402096","3597904","1054171","0","39999.2","4.37","42.1","61.1","1447.3","1588.8","3.1","4.5","322.4","324.0","21.6","186.8","99.7","110.0","375.9","container","10","90","7e283c2"
"2026-09-23T18:50:15.8190566+00:00","d73a4f8e-2a81-468f-9cfe-8d28fbd3078f","rabbitmq-pipelines","4","20000","1","0","1","2000000","89.985","20000.0","628.9","524","993","2299","26095","70.3","163.8","90.0","94.4","153","11","1","1368","527750","CF55C698510651DB","200306","1799694","527750","0","19999.6","8.81","237.2","241.7","127.2","195.3","2.2","3.0","321.8","322.4","72.4","186.1","248.6","255.6","342.1","container","10","90","7e283c2"
"2026-09-23T18:52:14.9725169+00:00","d0107e34-cc5f-475b-8ea9-20f2e20fe36b","kafka-channels","4","20000","5","0","1","2000000","89.937","20000.8","3050.5","3049","5403","5667","11607","25.2","76.6","99.4","103.6","197","10","1","1769","527750","CF55C698510651DB","201175","1798825","527750","0","19997.7","8.97","42.7","61.8","1458.6","1579.1","1.8","2.9","321.7","322.6","24.2","196.2","101.2","108.9","369.2","container","10","90","7e283c2"
"2026-09-23T18:54:10.1995582+00:00","71c767af-228a-4d08-8bf8-62bcd9a1f7c3","rabbitmq-channels","4","10000","4","0","1","1000000","89.985","9999.9","538.1","479","813","1396","23167","69.4","171.7","87.5","92.0","80","8","1","720","263875","0E72CBF60A5BBB63","100155","899845","263875","0","9999.7","7.55","210.4","224.0","132.6","199.2","1.2","1.9","321.3","321.7","67.5","196.4","210.5","232.5","337.3","container","10","90","7e283c2"
"2026-09-23T18:56:09.1553010+00:00","ddac791c-e9f2-4e1d-ac70-381e8c257f5f","kafka-channels","4","60000","1","0","1","6000000","89.940","60002.2","3082.8","3081","5339","5639","12495","48.1","109.3","105.2","107.7","589","11","1","5265","1581635","7B60F4074FB17651","603382","5396618","1581635","0","59998.8","4.31","46.5","69.1","1521.8","1694.9","4.3","5.4","323.2","324.9","49.6","199.0","98.2","111.8","367.6","container","10","90","7e283c2"
"2026-09-23T18:58:08.3174960+00:00","d82ffc57-fe9c-4e88-9821-ebc5dd67a2e6","kafka-channels","4","10000","1","0","1","1000000","89.944","10000.2","3080.5","3037","5499","5823","11095","19.5","84.2","100.5","107.0","100","9","1","895","263875","0E72CBF60A5BBB63","100537","899463","263875","0","9999.8","5.03","42.4","48.6","1482.5","1779.0","1.2","1.8","321.6","322.5","19.9","203.9","105.8","107.6","396.1","container","10","90","7e283c2"
"2026-09-23T19:00:03.9045790+00:00","3399a797-b98a-4e8e-a32f-ca38ae8e0333","rabbitmq-pipelines","4","10000","5","0","1","1000000","89.986","10000.0","540.5","480","822","1454","19327","69.1","156.8","86.8","91.7","80","7","1","719","263875","0E72CBF60A5BBB63","100143","899857","263875","0","9999.9","7.99","199.6","231.9","139.7","203.2","1.3","2.3","321.5","322.0","68.3","201.7","210.7","232.3","399.4","container","10","90","7e283c2"
"2026-09-23T19:02:02.9594373+00:00","3b6a58b0-b5c1-46df-8f6a-80b71a9314ac","kafka-pipelines","4","10000","5","0","1","1000000","89.945","10000.3","3082.1","3039","5499","5819","12055","20.0","73.3","100.1","103.5","100","9","1","895","263875","0E72CBF60A5BBB63","100529","899471","263875","0","9999.8","5.41","44.1","52.2","1384.6","1472.8","1.3","2.2","321.5","322.0","20.4","211.4","105.8","107.6","428.4","container","10","90","7e283c2"
"2026-09-23T19:03:58.3965916+00:00","462fcf9a-4a69-470b-bded-a5a70eb0ccb5","rabbitmq-pipelines","4","60000","2","0","1","6000000","89.986","60000.3","1798.6","977","4763","22767","57663","100.9","201.6","89.7","91.7","447","10","2","4001","1581635","7B60F4074FB17651","600835","5399165","1581635","0","59999.2","25.87","294.9","308.0","156.5","237.1","5.7","7.7","323.3","324.8","103.8","197.6","285.1","293.9","403.2","container","10","90","7e283c2"
"2026-09-23T19:05:53.7267620+00:00","1a496379-0e94-4cd3-9f32-5593ab79690a","rabbitmq-channels","4","40000","4","0","1","4000000","89.992","39997.5","915.3","636","1820","7863","32319","82.3","157.7","89.3","91.9","299","11","1","2681","1054171","1B1596EF15511858","400559","3599441","1054171","0","39996.4","7.89","244.7","277.2","142.1","153.9","3.9","5.3","322.7","323.8","81.6","185.0","284.6","300.2","377.0","container","10","90","7e283c2"
"2026-09-23T19:07:52.7009475+00:00","7fed0ab4-2809-416f-bbad-afa09b8e802d","kafka-pipelines","4","20000","1","0","1","2000000","89.944","20000.6","3062.6","3061","5415","5683","12055","25.8","68.4","102.9","108.1","197","10","1","1770","527750","CF55C698510651DB","201063","1798937","527750","0","19999.7","4.54","44.3","51.8","1414.2","1584.1","1.9","3.3","321.8","322.7","26.4","194.0","105.6","108.7","406.1","container","10","90","7e283c2"
"2026-09-23T19:09:47.7204758+00:00","87646cf1-802f-4dc7-9d34-7b47b9b806bb","rabbitmq-channels","4","40000","3","0","1","4000000","89.984","40000.2","901.5","635","1781","7543","42207","82.6","160.4","88.5","91.2","299","10","1","2680","1054171","1B1596EF15511858","400606","3599394","1054171","0","39999.0","12.85","267.7","275.3","145.5","219.0","3.9","5.4","322.7","325.1","85.0","189.7","290.4","299.9","379.0","container","10","90","7e283c2"
"2026-09-23T19:11:46.6794829+00:00","e84e92e5-b7c2-4688-a4ae-d6981897be4e","kafka-pipelines","4","60000","5","0","1","6000000","89.943","60001.3","3084.5","3083","5331","5611","10391","52.3","110.2","100.7","103.8","589","11","1","5265","1581635","7B60F4074FB17651","603300","5396700","1581635","0","59998.8","4.57","46.8","52.1","1525.6","1668.3","4.8","6.7","323.4","325.3","53.8","195.4","109.7","111.6","404.3","container","10","90","7e283c2"
"2026-09-23T19:13:45.7229788+00:00","16f88a43-8325-49c5-8cb7-0995520fb557","kafka-pipelines","4","60000","2","0","1","6000000","89.946","60000.8","3125.7","3095","5343","5639","74623","51.8","121.9","102.2","107.7","589","11","1","5267","1581635","7B60F4074FB17651","603195","5396805","1581635","0","59998.6","6.03","46.9","52.4","1570.1","1683.6","4.8","6.6","323.2","325.4","53.3","208.3","109.9","111.8","430.6","container","10","90","7e283c2"
"2026-09-23T19:15:42.0845500+00:00","a8073dbf-2b8b-4df3-b02b-b2114debf089","rabbitmq-pipelines","4","40000","2","0","1","4000000","89.983","40000.2","979.5","634","1885","11935","32623","82.4","170.5","88.8","91.7","300","11","1","2686","1054171","1B1596EF15511858","400650","3599350","1054171","0","39999.4","16.77","269.6","276.2","145.4","194.3","4.0","5.5","322.6","323.7","85.1","191.7","288.4","295.6","404.1","container","10","90","7e283c2"
"2026-09-23T19:17:37.2925696+00:00","3eeab211-9e09-461c-a5e5-ea66eb8e7c01","rabbitmq-direct","4","10000","5","0","1","1000000","89.985","10000.0","551.1","476","816","1557","28287","63.2","144.4","86.8","91.4","80","8","1","719","263875","0E72CBF60A5BBB63","100143","899857","263875","0","9999.9","11.35","216.9","223.8","132.7","201.9","1.4","2.3","321.9","326.3","65.0","189.6","223.5","229.6","401.4","container","10","90","7e283c2"
"2026-09-23T19:19:32.5215802+00:00","da9e2c4e-91bc-432e-b830-96f10ac4f59b","rabbitmq-pipelines","4","60000","3","0","1","6000000","89.986","60002.1","1848.2","993","5083","23423","53311","100.2","191.0","90.6","92.9","447","11","2","4002","1581635","7B60F4074FB17651","600652","5399348","1581635","0","59999.2","29.45","298.6","307.2","153.9","181.8","5.8","7.5","323.3","324.9","103.1","183.8","284.8","293.5","376.1","container","10","90","7e283c2"
"2026-09-23T19:21:28.2902524+00:00","f83bc1ab-119a-4db0-bfc7-3383970ba8dd","rabbitmq-channels","4","10000","1","0","1","1000000","89.984","10000.0","545.4","481","819","1415","25535","69.1","151.1","87.0","91.8","80","7","1","719","263875","0E72CBF60A5BBB63","100160","899840","263875","0","9999.9","9.13","215.8","223.1","133.4","202.6","1.5","2.1","321.7","327.6","71.2","174.7","223.9","230.2","348.9","container","10","90","7e283c2"
"2026-09-23T19:23:23.5581036+00:00","a16ef600-4fbd-496a-80b5-ef5b531a8a2b","rabbitmq-direct","4","20000","2","0","1","2000000","89.984","20000.8","644.6","522","1012","2553","26671","63.3","137.3","88.4","92.3","153","11","1","1367","527750","CF55C698510651DB","200257","1799743","527750","0","19999.8","11.44","219.9","244.8","130.5","194.9","2.2","3.3","321.9","322.7","59.5","179.5","237.2","257.1","347.7","container","10","90","7e283c2"
"2026-09-23T19:25:22.6466474+00:00","4225e87b-72db-405e-a3ca-da60da1c46fc","kafka-channels","4","20000","2","0","1","2000000","89.945","20000.7","3051.8","3049","5407","5675","26319","25.3","82.7","100.0","105.7","197","10","1","1770","527750","CF55C698510651DB","201048","1798952","527750","0","19999.6","5.42","45.1","53.1","1513.4","1787.5","1.9","2.6","321.9","322.6","25.8","184.7","107.0","108.7","376.0","container","10","90","7e283c2"
"2026-09-23T19:27:18.1441727+00:00","cd52c5cb-14d6-4afc-8a13-8394e1b13431","rabbitmq-pipelines","4","10000","4","0","1","1000000","89.985","10000.0","543.6","480","821","1443","21631","69.4","135.1","86.4","89.9","80","7","1","719","263875","0E72CBF60A5BBB63","100143","899857","263875","0","9999.9","7.76","213.7","223.8","134.6","202.4","1.4","2.3","321.5","321.9","71.2","178.1","225.0","232.3","373.1","container","10","90","7e283c2"
"2026-09-23T19:29:13.4533359+00:00","0f9b236f-1b3e-4d73-bf2a-e9177de49383","rabbitmq-pipelines","4","20000","5","0","1","2000000","89.983","20000.1","638.8","528","1021","2391","27359","69.6","162.0","88.4","91.9","152","10","1","1368","527750","CF55C698510651DB","200331","1799669","527750","0","19999.8","9.71","233.0","242.1","130.3","200.1","2.2","2.9","322.5","327.0","71.5","179.4","247.8","256.2","373.6","container","10","90","7e283c2"
"2026-09-23T19:31:12.9645790+00:00","ffa32890-d207-4b9e-990d-33d464fe6f36","kafka-direct","4","20000","2","0","1","2000000","89.944","20000.8","3029.6","3031","5367","5615","9767","17.1","58.0","104.5","109.9","197","10","1","1769","527750","CF55C698510651DB","201035","1798965","527750","0","19999.7","5.94","44.9","51.8","1424.8","1473.1","1.8","2.6","321.9","322.6","17.4","192.6","107.2","109.2","401.8","container","10","90","7e283c2"
"2026-09-23T19:33:08.7213239+00:00","76f66c34-7cb7-4171-a18c-33a4f72ce657","rabbitmq-direct","4","20000","4","0","1","2000000","89.985","20000.0","624.3","517","981","2239","24959","62.6","148.2","88.9","92.3","153","10","1","1368","527750","CF55C698510651DB","200290","1799710","527750","0","19999.9","8.92","232.3","240.9","128.6","202.4","2.2","3.2","322.0","322.9","64.4","185.3","250.7","260.9","374.6","container","10","90","7e283c2"
"2026-09-23T19:35:08.4636094+00:00","644f73b0-565e-4449-9faa-0a9396bc4e4d","kafka-channels","4","60000","4","0","1","6000000","89.944","60001.1","3987.9","3101","5367","5815","360191","48.3","110.0","102.1","106.2","589","11","1","5265","1581635","7B60F4074FB17651","603249","5396751","1581635","0","59998.7","10.37","47.3","53.4","1507.3","1608.8","4.7","5.7","323.3","324.8","49.7","202.0","109.9","112.0","403.2","container","10","90","7e283c2"
"2026-09-23T19:37:04.4131002+00:00","d6f77c0f-9d21-4226-aece-936527283ef5","rabbitmq-direct","4","40000","2","0","1","4000000","89.986","40000.5","954.1","631","1801","10807","38559","78.9","149.8","88.5","91.0","299","10","1","2681","1054171","1B1596EF15511858","400524","3599476","1054171","0","39999.6","10.71","258.9","285.7","145.3","206.2","3.8","5.5","322.7","324.5","78.0","199.4","274.1","296.9","407.0","container","10","90","7e283c2"
"2026-09-23T19:39:03.5584057+00:00","f4354572-b55e-4bad-b842-2fd04dc91a32","kafka-pipelines","4","60000","1","0","1","6000000","89.940","60001.9","3101.1","3095","5343","5647","33215","51.3","106.8","101.5","108.2","589","11","1","5265","1581635","7B60F4074FB17651","603437","5396563","1581635","0","59998.6","7.52","45.6","52.5","1574.4","1689.7","4.6","6.3","323.3","324.8","52.8","199.6","109.7","111.7","406.6","container","10","90","7e283c2"
"2026-09-23T19:40:58.9269468+00:00","0eb1ddcd-fb6a-4c3e-9ba1-03c1cb9ce147","rabbitmq-channels","4","60000","5","0","1","6000000","89.987","60001.6","1873.1","997","5171","23311","46303","99.7","187.5","89.5","93.8","447","11","2","4002","1581635","7B60F4074FB17651","600634","5399366","1581635","0","59998.3","26.76","285.2","314.6","150.1","180.0","5.7","10.1","323.6","328.4","100.6","194.2","276.0","294.9","408.4","container","10","90","7e283c2"
"2026-09-23T19:42:58.2893313+00:00","514402fb-d9f6-4cb1-986c-5aff608e7e21","kafka-direct","4","10000","5","0","1","1000000","89.946","10000.3","3056.1","3013","5459","5779","10911","13.9","64.3","99.8","106.1","99","9","1","894","263875","0E72CBF60A5BBB63","100513","899487","263875","0","9999.8","6.95","43.3","48.0","1474.2","1678.4","1.2","2.0","321.9","322.7","14.1","190.7","105.8","107.7","404.8","container","10","90","7e283c2"
"2026-09-23T19:44:57.5492783+00:00","21b4f0ef-3ab3-4ab3-887b-ac36f57d74c4","kafka-pipelines","4","40000","3","0","1","4000000","89.942","40001.8","3114.6","3113","5399","5715","9935","38.9","104.1","104.9","110.8","393","10","1","3519","1054171","1B1596EF15511858","402150","3597850","1054171","0","39995.4","5.47","46.6","52.8","1453.4","1598.3","3.2","4.6","322.8","323.8","40.0","211.6","108.0","110.2","432.1","container","10","90","7e283c2"
"2026-09-23T19:46:52.8264089+00:00","1acc94b0-69a4-41b2-938e-7a5f041a5669","rabbitmq-direct","4","10000","1","0","1","1000000","89.986","10000.0","535.1","475","807","1351","23327","63.5","148.9","85.7","89.6","80","7","1","720","263875","0E72CBF60A5BBB63","100133","899867","263875","0","9999.9","7.56","216.9","223.6","130.0","170.6","1.4","2.1","321.7","322.7","65.4","196.7","224.1","232.1","404.7","container","10","90","7e283c2"
"2026-09-23T19:48:52.0835917+00:00","a093c7a0-080f-467d-b39b-b34ee80bf19a","kafka-channels","4","60000","5","0","1","6000000","89.943","60002.5","3060.1","3059","5315","5579","10647","48.4","104.7","103.5","108.4","589","11","1","5266","1581635","7B60F4074FB17651","603174","5396826","1581635","0","59999.0","4.90","46.4","53.1","1552.7","1734.9","4.8","6.8","323.5","325.6","49.8","211.1","110.0","111.9","430.3","container","10","90","7e283c2"
"2026-09-23T19:50:46.9903146+00:00","dc044cca-4969-48d1-8b92-c957b6544fa8","rabbitmq-pipelines","4","10000","1","0","1","1000000","89.985","10000.0","542.1","479","820","1452","24895","69.4","142.1","86.0","89.9","80","7","1","720","263875","0E72CBF60A5BBB63","100146","899854","263875","0","9999.9","8.20","217.5","223.1","127.9","132.5","1.5","2.2","321.9","322.5","71.3","193.7","224.6","234.7","401.5","container","10","90","7e283c2"
"2026-09-23T19:52:42.2178524+00:00","f15482c8-94bb-4e3a-b454-eb07ea3c9b94","rabbitmq-direct","4","20000","5","0","1","2000000","89.986","20000.0","630.4","520","979","2245","26431","63.7","129.0","88.2","91.7","152","10","1","1367","527750","CF55C698510651DB","200270","1799730","527750","0","19999.8","9.01","234.4","241.6","131.5","202.4","2.3","3.3","322.1","323.0","65.6","180.9","250.5","261.1","374.4","container","10","90","7e283c2"
"2026-09-23T19:54:37.7484722+00:00","a9b5f411-21ed-4a19-b240-93ba812f9776","rabbitmq-pipelines","4","40000","4","0","1","4000000","89.986","40000.3","948.8","634","1815","9711","34719","82.7","181.2","89.6","91.8","300","10","1","2686","1054171","1B1596EF15511858","400549","3599451","1054171","0","39999.7","8.30","268.2","277.0","144.0","159.7","3.9","5.5","323.1","326.9","85.2","183.9","288.9","295.1","375.4","container","10","90","7e283c2"
"2026-09-23T19:56:36.8036933+00:00","bccd391c-11e6-4ed5-ac06-b77c44c5dbc1","kafka-direct","4","10000","4","0","1","1000000","89.940","10000.3","3055.0","3015","5459","5783","11047","13.7","59.8","98.1","102.1","99","9","1","894","263875","0E72CBF60A5BBB63","100573","899427","263875","0","9999.8","4.10","42.4","51.7","1490.8","1775.5","1.2","1.9","321.9","322.6","13.9","179.0","105.7","107.5","374.0","container","10","90","7e283c2"
"2026-09-23T19:58:32.4197405+00:00","97614de6-c431-4e50-92ea-6a657cce4383","rabbitmq-pipelines","4","60000","5","0","1","6000000","89.981","59999.1","1775.5","986","4719","21695","47583","100.3","205.2","88.9","94.8","448","10","2","4002","1581635","7B60F4074FB17651","601198","5398802","1581635","0","59997.5","22.86","298.9","307.4","154.5","246.0","5.9","8.0","323.5","327.1","103.6","181.9","285.5","294.1","377.7","container","10","90","7e283c2"
"2026-09-23T20:00:28.0427761+00:00","80d541b1-4b57-4dae-bbb7-3e945dd3a7e3","rabbitmq-direct","4","40000","1","0","1","4000000","89.984","40000.2","951.4","639","1861","9391","32799","76.7","147.1","88.5","91.2","300","11","1","2685","1054171","1B1596EF15511858","400607","3599393","1054171","0","39999.6","7.89","269.2","279.0","144.4","203.3","3.9","5.2","322.8","324.6","79.0","184.4","289.1","295.6","379.0","container","10","90","7e283c2"
"2026-09-23T20:02:23.7204966+00:00","372cc28d-fab6-493d-b70e-2c540daa8a75","rabbitmq-direct","4","10000","3","0","1","1000000","89.990","9999.7","530.0","475","806","1321","17615","62.9","154.5","87.1","91.8","80","7","1","719","263875","0E72CBF60A5BBB63","100133","899867","263875","0","9999.6","7.61","202.2","233.1","130.8","146.4","1.4","2.2","321.9","322.6","59.6","176.8","203.0","231.9","409.2","container","10","90","7e283c2"
"2026-09-23T20:04:22.8524818+00:00","798b63c0-1a66-4863-addd-c0837046906d","kafka-pipelines","4","40000","1","0","1","4000000","89.946","40001.2","3095.4","3095","5383","5679","11287","38.2","106.0","106.0","110.4","393","10","1","3520","1054171","1B1596EF15511858","402052","3597948","1054171","0","39999.1","4.56","46.0","56.5","1469.9","1643.2","3.3","4.5","322.9","324.2","39.3","191.9","108.2","110.4","378.1","container","10","90","7e283c2"
"2026-09-23T20:06:21.8028613+00:00","c7db3961-ae6c-43c4-87e1-ea1ebffb837c","kafka-pipelines","4","20000","3","0","1","2000000","89.945","20000.7","3054.3","3053","5407","5667","11719","25.9","73.7","101.0","106.1","197","10","1","1770","527750","CF55C698510651DB","201046","1798954","527750","0","19999.7","4.55","44.5","51.7","1469.0","1579.2","1.8","2.6","322.3","323.7","26.6","198.3","107.1","108.8","401.8","container","10","90","7e283c2"
"2026-09-23T20:08:16.9653622+00:00","d27d9918-131c-435b-ab52-55cabc715a90","rabbitmq-direct","4","40000","3","0","1","4000000","89.985","40006.4","952.0","630","1837","10903","30287","78.5","145.8","88.4","91.2","299","11","1","2680","1054171","1B1596EF15511858","400029","3599971","1054171","0","39999.4","9.58","269.0","276.9","151.2","226.7","3.8","4.5","323.4","329.1","80.9","205.1","289.1","297.1","402.0","container","10","90","7e283c2"
"2026-09-23T20:10:16.2257770+00:00","a367c1c0-5966-4551-9bfa-74d2b63c805d","kafka-pipelines","4","20000","2","0","1","2000000","89.943","20000.6","3051.7","3051","5407","5671","11303","25.6","76.7","103.8","109.2","197","10","1","1769","527750","CF55C698510651DB","201084","1798916","527750","0","19999.6","4.95","44.5","49.7","1431.1","1506.3","1.9","2.4","322.4","323.6","26.3","214.9","106.9","108.7","429.9","container","10","90","7e283c2"
"2026-09-23T20:12:15.2349743+00:00","8b633093-6c10-4bf9-af0a-d76f011377b3","kafka-direct","4","10000","3","0","1","1000000","89.947","10000.3","3050.8","3009","5451","5771","10191","13.9","57.8","97.5","102.1","99","9","1","894","263875","0E72CBF60A5BBB63","100497","899503","263875","0","9999.8","5.10","44.5","60.4","1443.2","1618.4","1.2","1.7","321.9","322.5","13.4","206.2","104.7","107.5","429.7","container","10","90","7e283c2"
"2026-09-23T20:14:10.2864753+00:00","75de1617-c5b2-4af8-a343-8a18d44caba5","rabbitmq-channels","4","60000","1","0","1","6000000","89.985","60000.2","1760.4","980","4691","21487","43295","99.0","185.5","88.1","93.1","447","11","2","4002","1581635","7B60F4074FB17651","600908","5399092","1581635","0","59999.0","23.92","301.6","307.2","154.9","253.0","5.8","7.2","323.8","325.6","100.2","194.2","284.5","293.0","404.1","container","10","90","7e283c2"
"2026-09-23T20:16:05.5278028+00:00","4aa6483a-e2e6-4c1c-bffe-856d5d4870e2","rabbitmq-channels","4","40000","5","0","1","4000000","89.985","40000.1","951.9","633","1914","9935","31711","82.8","144.3","92.0","95.0","299","10","1","2681","1054171","1B1596EF15511858","400582","3599418","1054171","0","39999.6","10.22","267.3","278.5","146.8","228.1","3.9","5.3","322.9","324.8","85.2","194.3","282.6","298.2","405.2","container","10","90","7e283c2"
"2026-09-23T20:18:05.2508980+00:00","c63ff6af-2af2-4b40-b319-a90b336a592d","kafka-direct","4","20000","5","0","1","2000000","89.948","20000.3","3038.5","3041","5375","5635","11983","17.0","90.1","103.3","106.7","197","10","1","1769","527750","CF55C698510651DB","201019","1798981","527750","0","19999.6","4.65","45.1","49.7","1439.6","1592.6","1.8","2.8","322.5","323.5","17.0","194.8","103.5","108.7","405.5","container","10","90","7e283c2"
"2026-09-23T20:20:04.2186232+00:00","a2ea49f1-cbdb-4095-b553-67043fadd00c","kafka-direct","4","60000","2","0","1","6000000","89.943","60001.2","3081.1","3083","5323","5627","10711","27.4","87.4","101.9","103.8","588","11","1","5264","1581635","7B60F4074FB17651","603300","5396700","1581635","0","59998.7","5.62","44.3","68.4","1513.2","1577.6","4.2","6.3","324.2","328.3","25.4","200.8","106.1","112.0","372.9","container","10","90","7e283c2"
"2026-09-23T20:22:03.3890904+00:00","7ee5fea1-9dc8-455e-853f-2202f5710e01","kafka-channels","4","10000","5","0","1","1000000","89.942","10000.3","3092.8","3049","5507","5839","21567","19.8","62.9","101.8","108.8","100","9","1","895","263875","0E72CBF60A5BBB63","100554","899446","263875","0","9998.8","5.34","43.1","49.8","1479.5","1612.3","1.2","2.1","321.7","322.6","19.9","210.5","105.8","107.9","366.1","container","10","90","7e283c2"
"2026-09-23T20:23:58.6911372+00:00","01cb9430-47d7-470a-bb05-0d9f6915643f","rabbitmq-channels","4","10000","5","0","1","1000000","89.986","10000.0","537.4","479","812","1388","18895","68.8","142.1","87.1","92.1","80","7","1","720","263875","0E72CBF60A5BBB63","100143","899857","263875","0","9999.9","7.37","203.5","234.2","140.3","205.6","1.3","2.2","321.9","322.5","68.1","209.6","219.6","232.6","364.5","container","10","90","7e283c2"
"2026-09-23T20:25:57.6312692+00:00","f82c1d89-f797-462f-8581-28d423db3861","kafka-pipelines","4","10000","4","0","1","1000000","89.945","10000.5","3088.5","3045","5507","5835","15007","20.1","66.5","99.5","106.0","100","9","1","895","263875","0E72CBF60A5BBB63","100505","899495","263875","0","9998.8","5.49","42.3","52.1","1395.8","1529.3","1.3","2.2","322.2","327.4","20.5","203.7","106.1","107.6","394.2","container","10","90","7e283c2"
"2026-09-23T20:27:52.8832310+00:00","44d84d4b-439c-4822-a97c-b2fb3472b203","rabbitmq-channels","4","60000","2","0","1","6000000","89.983","60000.3","1819.8","999","4747","23263","46719","99.1","197.0","93.2","95.2","448","11","2","4007","1581635","7B60F4074FB17651","600987","5399013","1581635","0","59999.1","29.92","295.9","308.1","162.9","262.5","5.8","7.7","323.5","325.4","102.3","203.6","285.3","292.1","404.0","container","10","90","7e283c2"
"2026-09-23T20:29:48.7611910+00:00","887079e3-b68c-4440-ae1c-8911d5a3794a","rabbitmq-direct","4","60000","3","0","1","6000000","89.984","59999.7","1821.7","971","4967","22863","48479","95.0","216.3","87.9","95.2","447","11","2","4000","1581635","7B60F4074FB17651","600987","5399013","1581635","0","59998.6","21.77","270.6","310.9","148.5","160.3","5.7","7.5","324.3","327.4","91.7","189.4","270.4","294.8","378.3","container","10","90","7e283c2"
"2026-09-23T20:31:44.4641271+00:00","6ae8bd87-699d-4d93-a006-b40bfd024524","rabbitmq-pipelines","4","60000","1","0","1","6000000","89.986","60000.1","1963.3","987","5603","25871","74559","100.7","165.0","88.6","93.7","447","11","2","4001","1581635","7B60F4074FB17651","600814","5399186","1581635","0","59998.7","32.76","280.6","313.9","158.3","188.7","5.6","7.8","323.9","328.1","94.7","195.5","245.3","296.4","381.0","container","10","90","7e283c2"
"2026-09-23T20:33:44.1238617+00:00","d8fe0703-0110-45e7-9427-4406d72f7959","kafka-channels","4","20000","1","0","1","2000000","89.943","20000.5","3059.3","3059","5411","5679","13879","25.1","78.1","102.4","108.1","197","10","1","1769","527750","CF55C698510651DB","201108","1798892","527750","0","19999.7","4.79","47.8","71.8","1420.7","1550.5","1.8","2.8","322.3","323.1","23.5","190.4","94.6","108.8","382.3","container","10","90","7e283c2"
"2026-09-23T20:35:43.0696621+00:00","3340b901-5ea8-4fde-bea9-468c30010e71","kafka-direct","4","10000","2","0","1","1000000","89.947","10000.2","3058.7","3019","5459","5779","9783","13.8","94.9","100.4","105.6","99","9","1","895","263875","0E72CBF60A5BBB63","100519","899481","263875","0","9999.8","4.89","42.9","49.0","1424.1","1582.5","1.2","1.7","322.1","322.5","14.0","193.2","105.9","107.9","372.6","container","10","90","7e283c2"
"2026-09-23T20:37:42.2085476+00:00","cb5eab8e-3c6e-47eb-99aa-77faecbab8b4","kafka-channels","4","60000","2","0","1","6000000","89.945","60001.9","3088.7","3087","5339","5631","9943","49.3","105.6","101.2","106.4","589","11","1","5266","1581635","7B60F4074FB17651","603129","5396871","1581635","0","59998.9","4.56","45.9","52.3","1494.9","1608.1","4.7","6.4","323.9","326.0","50.8","209.4","109.6","111.7","401.0","container","10","90","7e283c2"
"2026-09-23T20:39:37.3817045+00:00","7446561a-34f0-4ff3-a5ca-24e7a8fd95d6","rabbitmq-pipelines","4","10000","3","0","1","1000000","89.985","10000.0","543.5","481","817","1478","18991","69.5","167.3","85.6","89.5","80","7","1","720","263875","0E72CBF60A5BBB63","100153","899847","263875","0","9999.9","11.33","217.1","223.8","138.3","202.6","1.5","2.3","323.2","323.6","71.6","203.7","224.8","233.2","397.2","container","10","90","7e283c2"
"2026-09-23T20:41:36.2874259+00:00","8ce23862-b7d9-4962-b73a-5799132d8119","kafka-pipelines","4","40000","4","0","1","4000000","89.943","40001.4","3082.8","3081","5371","5659","11759","38.9","98.0","102.5","108.1","393","10","1","3518","1054171","1B1596EF15511858","402171","3597829","1054171","0","39999.2","4.85","46.4","52.7","1545.0","1712.0","3.4","4.7","324.1","326.0","39.8","208.2","108.2","110.2","428.9","container","10","90","7e283c2"
"2026-09-23T20:43:31.5007782+00:00","0c408501-2a08-4258-a1b1-676f39b34b56","rabbitmq-direct","4","20000","1","0","1","2000000","89.986","20000.3","625.7","522","998","2267","23487","63.8","134.5","88.4","91.9","152","10","1","1367","527750","CF55C698510651DB","200248","1799752","527750","0","19999.8","8.13","235.8","241.8","132.5","196.4","2.3","3.2","323.9","328.5","65.8","192.6","250.4","262.5","369.4","container","10","90","7e283c2"
"2026-09-23T20:45:30.4374721+00:00","6b708d67-38d8-4be2-943e-9a429f7b8ab2","kafka-channels","4","40000","2","0","1","4000000","89.942","40000.9","3134.8","3133","5427","5767","13023","37.3","93.1","101.9","107.5","393","10","1","3518","1054171","1B1596EF15511858","402227","3597773","1054171","0","39999.1","4.32","46.0","54.8","1507.3","1590.3","3.4","4.9","324.0","325.5","37.8","196.1","107.3","110.6","369.3","container","10","90","7e283c2"
"2026-09-23T20:47:30.4851091+00:00","883bf57a-26f2-4ede-b524-a885e7f1adc6","kafka-direct","4","200000","5","0","1","20000000","89.948","200004.0","3277.0","3231","5331","5623","69759","56.8","162.9","109.9","115.7","1954","12","2","17502","5272442","2BA6E7415EE45804","2010119","17989881","5272442","0","199975.6","6.92","49.0","57.6","1594.8","1793.0","17.0","23.7","469.2","634.4","58.5","215.4","121.0","123.8","368.8","container","10","90","7e283c2"
"2026-09-23T20:49:32.4697791+00:00","b65ab478-afa6-4c96-8327-78dd88dad81f","kafka-channels","4","100000","5","0","1","10000000","89.943","100002.7","3813.9","3289","5511","6039","236031","74.3","160.5","111.3","115.7","981","12","2","8763","2636707","5389121B4C525B1F","1005481","8994519","2636707","0","99997.7","8.61","49.6","59.7","1605.0","1806.0","8.3","10.6","563.1","566.5","76.9","221.0","112.7","115.4","369.7","container","10","90","7e283c2"
"2026-09-23T20:51:39.9207391+00:00","77fcc2e8-049d-4a18-8f88-8814a242933a","kafka-channels","4","400000","5","0","1","40000000","89.942","400007.6","5087.8","3683","5691","32159","270847","212.5","351.3","139.5","146.5","3913","14","3","35007","10544898","52075B97DD4BCBB2","4022474","35977526","10500000","44898","399987.4","136.37","56.5","71.8","1655.8","1733.8","39.3","55.5","639.9","1284.1","235.1","273.6","137.0","142.8","345.1","container","10","90","7e283c2"
"2026-09-23T20:53:45.5701641+00:00","9a29ff5b-7e73-46d2-a592-77eb07de7e5a","kafka-pipelines","4","400000","4","0","1","40000000","90.003","399746.5","8748.7","3745","6175","199423","414207","231.3","340.0","136.7","172.3","3914","13","3","35018","10544898","52075B97DD4BCBB2","4021602","35978398","10180000","364898","399611.5","156.24","53.8","81.6","1684.6","1833.2","33.4","45.2","612.6","821.4","214.5","319.0","130.7","144.0","362.9","container","10","90","7e283c2"
"2026-09-23T20:55:49.7876534+00:00","c96cb3bd-29ac-4208-b460-b9affd5f9dd5","kafka-direct","4","400000","1","0","1","40000000","89.945","400004.0","3868.9","3537","5483","5959","205823","83.1","200.9","130.7","151.6","3905","13","3","35002","10544898","52075B97DD4BCBB2","4021764","35978236","10410000","134898","399991.5","40.34","54.5","62.0","1711.2","1972.9","37.4","53.6","665.7","1305.0","86.5","352.7","136.9","140.3","424.4","container","10","90","7e283c2"
"2026-09-23T20:57:49.7264545+00:00","656befaa-b2bb-44ca-9a1f-0593f5f6eeb8","kafka-channels","4","200000","4","0","1","20000000","89.945","200004.9","3385.0","3201","5303","5563","171775","126.2","237.7","115.8","123.1","1957","12","2","17507","5272442","2BA6E7415EE45804","2010619","17989381","5272442","0","199995.8","8.73","45.3","58.0","1690.1","1909.4","15.7","22.6","583.9","643.2","111.2","378.5","112.8","123.0","474.2","container","10","90","7e283c2"
"2026-09-23T20:59:48.7320648+00:00","b1126c9e-327a-485b-a779-e7c42e7dc920","kafka-pipelines","4","100000","2","0","1","10000000","89.944","100003.2","3138.9","3131","5319","5619","42015","75.7","178.2","109.6","113.1","981","12","2","8763","2636707","5389121B4C525B1F","1005359","8994641","2636707","0","99998.2","4.66","43.7","60.5","1642.1","1789.3","7.3","10.7","566.4","570.1","71.9","340.0","107.2","114.5","454.3","container","10","90","7e283c2"
"2026-09-23T21:01:49.0274029+00:00","c400f835-fccc-458d-9ee3-7a2acbba8202","kafka-pipelines","4","400000","1","0","1","40000000","90.091","399354.3","10071.7","3757","6147","258559","533503","225.9","347.8","130.8","185.6","3915","13","4","35018","10544898","52075B97DD4BCBB2","4021600","35978400","10330971","213927","399475.8","197.48","52.7","63.5","1677.5","1843.0","37.4","46.1","605.1","944.6","249.3","323.8","135.1","140.5","396.8","container","10","90","7e283c2"
"2026-09-23T21:03:48.6772297+00:00","90288c07-bce9-49e4-9546-7d9c91fffef2","kafka-channels","4","100000","4","0","1","10000000","89.944","100002.7","3142.8","3135","5339","5639","38527","71.2","154.9","107.0","112.4","981","12","2","8763","2636707","5389121B4C525B1F","1005378","8994622","2636707","0","99998.2","4.24","44.6","71.3","1649.8","1837.0","7.5","9.4","564.1","566.9","66.7","304.4","108.5","115.0","449.6","container","10","90","7e283c2"
"2026-09-23T21:05:47.7349625+00:00","df5de428-0713-4e41-b279-a0c81245ba32","kafka-direct","4","100000","4","0","1","10000000","89.946","100003.0","3128.0","3131","5323","5631","11087","36.6","111.7","106.7","111.4","978","11","1","8762","2636707","5389121B4C525B1F","1005137","8994863","2636707","0","99997.9","5.36","43.9","64.8","1614.5","1807.8","7.4","10.5","564.4","567.9","36.0","288.8","102.3","114.8","442.4","container","10","90","7e283c2"
"2026-09-23T21:07:56.6536162+00:00","df1dbb50-776c-4756-8e81-5d025c8100cf","kafka-direct","4","400000","5","0","1","37379972","84.592","394349.9","81569.9","3719","643071","1886207","2022399","76.3","331.8","136.4","283.7","3651","13","3","32723","9873440","5F94ADA18442F791","4020970","33359002","9547320","326120","99997.9","5.36","56.5","71.4","1701.9","1900.6","35.5","49.8","590.4","671.5","90.4","312.7","134.2","142.4","724.9","container","10","90","7e283c2"
"2026-09-23T21:10:02.6686709+00:00","f3a2e07c-dd95-40bc-98a5-ce98839c8f90","kafka-direct","4","400000","3","0","1","40000000","91.563","392950.8","6847.0","3547","5515","32271","1617919","81.6","221.7","128.6","148.8","3905","13","3","35000","10544898","52075B97DD4BCBB2","4020249","35979751","10460000","84898","393522.4","1655.52","54.4","61.3","1734.6","1880.2","38.0","52.2","686.8","1397.8","88.6","330.7","135.5","139.8","816.5","container","10","90","7e283c2"
"2026-09-23T21:12:04.3480771+00:00","8ecc48ad-fd6c-43ea-b442-1eb1b6fdc300","kafka-direct","4","400000","2","0","1","40000000","89.946","400003.1","4057.8","3539","5499","18095","141183","84.6","253.6","135.3","153.1","3905","13","3","35002","10544898","52075B97DD4BCBB2","4021315","35978685","10154458","390440","399950.3","34.81","52.8","60.4","1761.7","1958.8","34.1","43.9","624.0","1002.6","88.5","365.8","135.9","139.3","892.6","container","10","90","7e283c2"
"2026-09-23T21:14:13.1632489+00:00","4da566bb-6b3f-47bd-a399-147352b9fb25","kafka-channels","4","400000","1","0","1","40000000","89.942","400007.0","4461.4","3635","5563","24911","205951","225.2","315.1","132.8","149.2","3912","16","3","35006","10544898","52075B97DD4BCBB2","4022766","35977234","10420000","124898","399990.0","39.76","53.1","61.8","1773.8","1933.8","37.7","45.5","682.6","1146.1","242.8","403.5","135.6","141.0","879.7","container","10","90","7e283c2"
"2026-09-23T21:16:12.6928730+00:00","daa866f7-60c3-470d-a0fb-8641bec34c80","kafka-channels","4","200000","2","0","1","20000000","89.944","200003.7","3205.8","3197","5295","5539","32159","128.5","214.8","112.2","120.1","1956","12","2","17500","5272442","2BA6E7415EE45804","2010916","17989084","5272442","0","199996.1","9.30","48.4","56.0","1736.9","2028.1","16.5","20.4","568.8","578.4","131.4","356.5","119.9","122.8","454.7","container","10","90","7e283c2"
"2026-09-23T21:18:12.1290406+00:00","a91f6dec-7526-4a82-9e59-2cbdc7dff029","kafka-pipelines","4","100000","3","0","1","10000000","89.943","100003.5","3424.7","3179","5375","5791","137983","76.5","157.7","106.6","110.5","980","11","1","8765","2636707","5389121B4C525B1F","1005339","8994661","2636707","0","99998.5","5.01","46.5","54.8","1675.8","1911.8","7.8","9.6","565.0","567.5","78.9","322.2","112.8","115.1","446.0","container","10","90","7e283c2"
"2026-09-23T21:20:16.0494424+00:00","98b78cda-7841-4828-a698-7f162c293b91","kafka-direct","4","400000","4","0","1","40000000","89.947","400007.1","25799.0","3679","6843","838143","1286143","86.0","321.8","135.9","265.2","3905","13","3","34998","10544898","52075B97DD4BCBB2","4020456","35979544","10420000","124898","399949.1","722.33","53.2","61.7","1719.7","1938.5","36.4","45.4","680.9","1084.6","90.5","347.4","136.2","146.9","637.9","container","10","90","7e283c2"
"2026-09-23T21:22:17.9536082+00:00","948ac077-9775-4be4-90c2-e1ab834e3ff9","kafka-pipelines","4","200000","5","0","1","20000000","89.942","200007.0","3245.9","3249","5315","5555","11647","138.9","208.0","108.5","113.5","1957","12","2","17502","5272442","2BA6E7415EE45804","2011037","17988963","5272442","0","199996.9","9.80","45.6","63.2","1746.6","1929.7","16.0","19.1","570.2","581.7","133.6","295.1","110.8","123.0","477.2","container","10","90","7e283c2"
"2026-09-23T21:24:18.2786715+00:00","63837cb2-6740-4c2c-90fb-ea725d400d80","kafka-direct","4","200000","3","0","1","20000000","89.942","200006.2","3201.0","3205","5307","5563","17199","55.9","177.5","112.3","115.5","1954","12","2","17503","5272442","2BA6E7415EE45804","2011109","17988891","5272442","0","199996.4","8.05","48.8","73.9","1718.4","1864.7","15.3","19.7","570.7","580.1","52.9","289.0","114.8","122.5","444.3","container","10","90","7e283c2"
"2026-09-23T21:26:17.7728971+00:00","ec524cc9-0ec6-4b41-8c3a-6170a4753df4","kafka-direct","4","100000","2","0","1","10000000","89.943","100003.4","3177.1","3179","5371","5711","14767","36.8","101.2","105.3","109.1","979","12","2","8762","2636707","5389121B4C525B1F","1005412","8994588","2636707","0","99998.1","4.56","42.7","67.2","1710.5","1921.5","6.7","9.1","565.9","568.7","35.3","287.8","98.3","114.8","441.6","container","10","90","7e283c2"
"2026-09-23T21:28:17.1107437+00:00","1e1ae03a-1b7c-4942-9c35-e66524848420","kafka-channels","4","200000","1","0","1","20000000","89.939","200004.2","4015.8","3293","5395","6063","237695","128.1","205.3","112.3","115.7","1957","12","2","17502","5272442","2BA6E7415EE45804","2011766","17988234","5272442","0","199995.9","12.79","51.6","58.7","1707.0","1904.5","16.6","19.6","570.9","584.0","132.3","255.4","120.4","122.4","370.7","container","10","90","7e283c2"
"2026-09-23T21:30:16.6196146+00:00","2c207f29-16b5-401b-8379-6697779cddd7","kafka-pipelines","4","200000","1","0","1","20000000","89.943","200002.4","3244.5","3247","5315","5551","12263","137.0","235.4","110.5","116.0","1957","12","2","17501","5272442","2BA6E7415EE45804","2011145","17988855","5272442","0","199996.3","11.63","51.5","57.9","1743.0","1875.7","17.0","19.5","571.1","585.5","141.6","253.4","120.0","122.7","373.6","container","10","90","7e283c2"
"2026-09-23T21:32:16.8856744+00:00","334ba178-74ed-4310-8439-603e8de0635d","kafka-pipelines","4","200000","3","0","1","20000000","89.945","200002.1","3252.1","3253","5319","5563","15759","135.9","264.4","112.4","115.9","1957","12","2","17500","5272442","2BA6E7415EE45804","2010781","17989219","5272442","0","199996.4","13.02","50.3","56.8","1759.2","2060.2","16.9","19.4","571.1","582.7","140.5","250.2","120.2","122.6","405.4","container","10","90","7e283c2"
"2026-09-23T21:34:19.8636479+00:00","aceabc0b-715c-4a59-8481-656500d10208","kafka-channels","4","400000","4","0","1","40000000","89.943","400003.2","17552.6","3735","6947","700927","1094655","222.1","351.7","159.5","255.3","3913","13","3","35015","10544898","52075B97DD4BCBB2","4022671","35977329","10544898","0","399988.5","599.06","49.1","74.8","1778.9","1912.5","33.0","45.9","637.7","709.2","208.1","284.8","128.6","145.5","419.7","container","10","90","7e283c2"
"2026-09-23T21:36:26.9662617+00:00","67a0e924-5d4b-4e44-be68-09609afcc199","kafka-pipelines","4","400000","5","0","1","40000000","92.031","390937.4","12809.1","3783","5995","171647","2205695","228.5","350.9","144.5","177.5","3914","12","3","35018","10544898","52075B97DD4BCBB2","4021538","35978462","10320000","224898","391911.7","145.54","54.4","63.1","1825.9","1971.8","37.4","45.5","684.6","1075.6","246.4","367.1","136.4","139.8","495.2","container","10","90","7e283c2"
"2026-09-23T21:38:27.0345688+00:00","36910fdd-b0d5-4d54-ad41-c2f93d40a523","kafka-direct","4","100000","1","0","1","10000000","89.944","100003.2","3181.5","3183","5375","5731","13255","37.2","103.6","104.0","107.5","979","12","2","8761","2636707","5389121B4C525B1F","1005325","8994675","2636707","0","99998.1","5.79","49.6","54.8","1763.2","2007.1","7.7","10.0","562.1","565.1","37.7","361.8","112.8","114.8","511.8","container","10","90","7e283c2"
"2026-09-23T21:40:26.5045601+00:00","9e07a3f4-00e7-4fab-89c8-4f1de66a8f67","kafka-channels","4","200000","3","0","1","20000000","89.940","200005.4","3257.5","3259","5351","5639","16719","126.5","243.9","110.1","114.1","1956","11","2","17503","5272442","2BA6E7415EE45804","2011556","17988444","5272442","0","199995.9","12.55","51.3","59.9","1733.0","1873.5","17.0","20.7","567.7","583.5","130.5","359.9","120.4","122.7","512.8","container","10","90","7e283c2"
"2026-09-23T21:42:25.6951558+00:00","23a50db3-6834-49e0-9a90-e02f5be6425b","kafka-channels","4","100000","3","0","1","10000000","89.945","100000.3","3181.7","3181","5383","5715","15087","72.6","145.4","106.0","109.3","979","11","1","8762","2636707","5389121B4C525B1F","1005501","8994499","2636707","0","99998.1","4.60","47.4","53.1","1725.1","1886.0","8.1","10.7","562.8","566.4","74.8","278.4","112.2","114.4","469.8","container","10","90","7e283c2"
"2026-09-23T21:44:24.6926810+00:00","3e63eabb-d467-4dc9-82dd-97c2d881f83d","kafka-channels","4","100000","2","0","1","10000000","89.940","100000.7","3154.6","3153","5355","5675","16847","71.2","157.3","104.6","107.9","981","12","2","8763","2636707","5389121B4C525B1F","1005894","8994106","2636707","0","99998.1","7.13","48.0","55.3","1732.4","1958.8","8.1","10.4","563.1","568.4","73.4","235.1","112.7","114.6","463.5","container","10","90","7e283c2"
"2026-09-23T21:46:23.9169931+00:00","8bfe386a-e2d3-4774-8666-924be635e1d5","kafka-direct","4","100000","3","0","1","10000000","89.944","100003.5","3602.1","3183","5387","5811","237439","36.6","99.5","106.4","110.1","979","12","2","8762","2636707","5389121B4C525B1F","1005296","8994704","2636707","0","99998.3","9.48","45.6","51.7","1713.3","1900.2","7.7","10.1","563.0","566.0","37.6","236.4","112.8","114.6","431.1","container","10","90","7e283c2"
"2026-09-23T21:48:23.2063773+00:00","255ed9dc-0319-4381-837b-2d9a8eea1654","kafka-pipelines","4","100000","4","0","1","10000000","89.945","100001.6","7841.5","3233","5467","196095","701951","76.5","181.5","107.0","112.8","980","11","1","8765","2636707","5389121B4C525B1F","1005387","8994613","2636707","0","99998.3","13.85","41.2","73.2","1697.1","1828.6","7.6","9.9","562.9","565.8","70.1","231.8","104.9","114.6","401.0","container","10","90","7e283c2"
"2026-09-23T21:50:22.9784514+00:00","03c2ef44-20bd-4da8-97fe-211936323766","kafka-pipelines","4","100000","1","0","1","10000000","89.945","100001.9","4221.5","3201","5407","6303","312575","76.8","169.0","109.4","113.1","980","11","1","8764","2636707","5389121B4C525B1F","1005291","8994709","2636707","0","99998.4","14.88","44.9","71.5","1709.7","1841.5","7.1","9.0","562.8","565.1","69.8","238.0","104.8","114.9","387.8","container","10","90","7e283c2"
"2026-09-23T21:52:22.1854818+00:00","59750b59-34b6-46a5-9820-a1c2f7b351ee","kafka-channels","4","100000","1","0","1","10000000","89.940","100003.3","3157.7","3157","5355","5679","13895","73.1","176.2","106.8","108.6","980","11","1","8765","2636707","5389121B4C525B1F","1005673","8994327","2636707","0","99998.2","4.39","46.9","53.4","1730.2","1854.2","7.8","9.2","562.8","565.8","75.2","238.7","111.5","114.8","392.3","container","10","90","7e283c2"
"2026-09-23T21:54:21.3326675+00:00","598a9b16-6797-4f30-b484-5a06b8eb3a4a","kafka-pipelines","4","100000","5","0","1","10000000","89.942","100001.3","3213.4","3211","5395","5755","22671","77.8","152.4","105.4","109.5","981","12","2","8762","2636707","5389121B4C525B1F","1005675","8994325","2636707","0","99998.2","4.53","48.5","54.5","1741.9","1917.3","7.9","9.3","562.9","565.9","80.3","239.8","112.5","114.7","419.3","container","10","90","7e283c2"
"2026-09-23T21:56:20.3984369+00:00","e8d72c2a-a147-41cd-a699-b50b573afc49","kafka-pipelines","4","200000","4","0","1","20000000","89.944","200004.8","3322.0","3317","5383","5751","23231","139.0","301.6","109.7","117.8","1958","12","2","17511","5272442","2BA6E7415EE45804","2010708","17989292","5272442","0","199975.7","8.92","53.6","69.2","1793.2","1984.7","17.6","25.1","568.0","583.1","141.8","238.8","120.6","124.4","433.5","container","10","90","7e283c2"
"2026-09-23T21:58:20.0095282+00:00","56232cdb-e668-4b27-8492-67952a218092","kafka-direct","4","200000","2","0","1","20000000","89.943","200003.0","8831.4","3261","5379","157695","933375","56.9","187.8","119.2","136.5","1953","11","2","17501","5272442","2BA6E7415EE45804","2011053","17988947","5272442","0","199976.6","16.37","50.9","56.7","1829.3","1951.8","16.6","19.3","568.8","582.5","58.7","253.7","120.2","122.5","465.1","container","10","90","7e283c2"
"2026-09-23T22:00:21.0883659+00:00","4414afbd-d707-46fe-8379-e255b65d224f","kafka-pipelines","4","400000","3","0","1","40000000","89.945","400002.1","4846.7","3731","5715","45983","210815","239.7","350.6","140.5","149.4","3914","12","3","35020","10544898","52075B97DD4BCBB2","4021668","35978332","10500000","44898","399989.6","62.89","54.3","61.7","1844.6","2002.8","38.2","50.5","667.2","1087.1","252.0","292.7","136.9","140.4","437.8","container","10","90","7e283c2"
"2026-09-23T22:02:20.1854929+00:00","c5884be2-ed44-4609-8663-67a1872f8271","kafka-pipelines","4","200000","2","0","1","20000000","89.943","200004.2","3710.5","3279","5367","5879","224255","136.1","221.3","111.7","119.3","1957","12","2","17503","5272442","2BA6E7415EE45804","2010974","17989026","5272442","0","199975.8","19.48","50.3","57.4","1837.8","2050.4","17.2","19.5","565.5","580.1","139.6","302.9","120.5","122.7","434.3","container","10","90","7e283c2"
"2026-09-23T22:04:19.9371085+00:00","82ff4dff-c7d2-4c57-be68-64abe61cc810","kafka-channels","4","200000","5","0","1","20000000","89.942","200006.9","3210.4","3213","5311","5551","11967","124.4","254.4","111.3","115.7","1957","12","2","17505","5272442","2BA6E7415EE45804","2010930","17989070","5272442","0","199995.8","16.13","51.1","56.4","1823.2","1976.4","16.9","19.8","567.1","581.3","128.4","310.2","120.1","122.6","440.3","container","10","90","7e283c2"
"2026-09-23T22:06:27.1585297+00:00","91e2ca7b-442a-4859-862d-4f1b7575b363","kafka-channels","4","400000","2","0","1","40000000","91.493","393232.2","18075.1","3751","6663","300799","1910783","215.0","336.5","145.6","213.5","3913","13","3","35013","10544898","52075B97DD4BCBB2","4022128","35977872","10430000","114898","393874.3","1479.36","54.8","73.9","1858.5","2029.0","37.2","46.1","759.1","1420.8","224.8","333.5","129.8","141.1","377.7","container","10","90","7e283c2"
"2026-09-23T22:08:36.0215024+00:00","a71e48a0-9444-44eb-b92b-2b751a30bc71","kafka-channels","4","400000","3","0","1","40000000","90.147","399113.1","8916.4","3699","5783","231295","572415","226.9","370.4","128.0","202.1","3910","11","2","35000","10544898","52075B97DD4BCBB2","4021012","35978988","10210000","334898","399015.2","188.28","55.7","65.8","1895.3","2025.1","37.6","57.3","600.8","827.3","232.3","338.6","137.4","141.4","438.2","container","10","90","7e283c2"
"2026-09-23T22:10:35.8818877+00:00","2a456277-acfc-48f7-a3c5-a13c66872f5c","kafka-direct","4","200000","1","0","1","20000000","89.942","200005.7","3276.9","3217","5319","5607","103871","56.3","180.8","109.0","114.0","1953","11","2","17501","5272442","2BA6E7415EE45804","2011071","17988929","5272442","0","199996.3","9.70","49.3","56.0","1868.8","2038.9","16.8","23.2","566.3","636.3","58.0","355.3","120.0","122.4","595.9","container","10","90","7e283c2"
"2026-09-23T22:12:35.0695975+00:00","16f6fb82-7a7f-41c2-8538-4382be0dd968","kafka-direct","4","200000","4","0","1","20000000","89.944","200002.2","3198.4","3203","5303","5555","15327","56.3","153.0","110.3","115.7","1954","12","2","17501","5272442","2BA6E7415EE45804","2010989","17989011","5272442","0","199995.0","12.31","49.0","56.2","1861.0","2171.1","16.7","22.1","565.1","617.4","57.9","357.3","120.5","122.7","629.1","container","10","90","7e283c2"
"2026-09-23T22:14:50.5813207+00:00","43f880e6-f0d4-42ad-935e-80827ab723fa","kafka-pipelines","4","400000","2","0","1","40000000","89.946","400006.4","5290.1","3751","5771","72575","212351","212.7","336.4","130.9","146.5","3916","13","4","35023","10544898","52075B97DD4BCBB2","4021162","35978838","10544898","0","399990.9","40.86","51.7","62.2","1905.9","2102.0","37.3","58.1","693.7","1275.1","230.2","326.8","129.8","140.5","555.0","container","10","90","7e283c2"
"2026-09-23T22:16:51.7915363+00:00","23a77b35-cd66-4ea0-93ef-f9024f527c38","kafka-direct","4","100000","5","0","1","10000000","89.946","100003.4","3171.1","3141","5335","5667","76159","37.0","93.6","104.8","108.7","979","12","2","8761","2636707","5389121B4C525B1F","1005095","8994905","2636707","0","99998.3","7.69","46.8","53.2","1863.6","2121.2","7.8","10.4","556.5","559.6","37.7","277.9","112.8","114.9","425.5","container","10","90","7e283c2"
