timestamp,sink,target_rate,achieved_rate,rate_error_pct,max_lateness_ms,events,fleet,dataset_laps
2026-09-23T16:52:52.9670065+00:00,kafka,60000,59998.6,-0.002,4.96,6000000,805,0
2026-09-23T16:54:52.3581204+00:00,kafka,20000,19997.6,-0.012,6.50,2000000,268,0
2026-09-23T16:56:51.8345891+00:00,kafka,40000,39999.3,-0.002,4.53,4000000,537,0
2026-09-23T16:58:47.5460191+00:00,rabbitmq,60000,59998.8,-0.002,26.90,6000000,805,0
2026-09-23T17:00:46.6894866+00:00,kafka,60000,59998.6,-0.002,4.79,6000000,805,0
2026-09-23T17:02:45.9144329+00:00,kafka,60000,59998.8,-0.002,6.40,6000000,805,0
2026-09-23T17:04:41.5105135+00:00,rabbitmq,60000,59998.8,-0.002,27.16,6000000,805,0
2026-09-23T17:06:41.3185623+00:00,kafka,20000,19999.7,-0.002,4.44,2000000,268,0
2026-09-23T17:08:40.2056185+00:00,kafka,60000,59998.7,-0.002,4.54,6000000,805,0
2026-09-23T17:10:35.2829670+00:00,rabbitmq,10000,9999.9,-0.001,8.05,1000000,134,0
2026-09-23T17:12:30.2509123+00:00,rabbitmq,40000,39999.2,-0.002,10.29,4000000,537,0
2026-09-23T17:14:29.1700518+00:00,kafka,60000,59998.5,-0.002,4.38,6000000,805,0
2026-09-23T17:16:24.4082507+00:00,rabbitmq,40000,39999.7,-0.001,9.05,4000000,537,0
2026-09-23T17:18:23.6799341+00:00,kafka,20000,19999.6,-0.002,5.51,2000000,268,0
2026-09-23T17:20:22.8023612+00:00,kafka,20000,19999.7,-0.002,4.74,2000000,268,0
2026-09-23T17:22:21.7714111+00:00,kafka,20000,19999.6,-0.002,9.03,2000000,268,0
2026-09-23T17:24:21.1904518+00:00,kafka,40000,39999.2,-0.002,4.64,4000000,537,0
2026-09-23T17:26:20.2092119+00:00,kafka,20000,19999.7,-0.002,4.70,2000000,268,0
2026-09-23T17:28:15.3276099+00:00,rabbitmq,20000,19999.8,-0.001,7.49,2000000,268,0
2026-09-23T17:30:10.3330571+00:00,rabbitmq,60000,59999.5,-0.001,23.36,6000000,805,0
2026-09-23T17:32:05.7301548+00:00,rabbitmq,20000,19999.8,-0.001,9.25,2000000,268,0
2026-09-23T17:34:04.8102652+00:00,kafka,40000,39999.4,-0.002,4.49,4000000,537,0
2026-09-23T17:36:00.4334056+00:00,rabbitmq,40000,39999.2,-0.002,11.73,4000000,537,0
2026-09-23T17:37:59.5799995+00:00,kafka,20000,19997.7,-0.011,4.83,2000000,268,0
2026-09-23T17:39:54.9548260+00:00,rabbitmq,20000,19999.8,-0.001,8.92,2000000,268,0
2026-09-23T17:41:54.0363950+00:00,kafka,10000,9999.8,-0.002,4.69,1000000,134,0
2026-09-23T17:43:49.5603550+00:00,rabbitmq,60000,59999.1,-0.002,22.32,6000000,805,0
2026-09-23T17:45:49.6123595+00:00,kafka,40000,39999.4,-0.001,4.48,4000000,537,0
2026-09-23T17:47:45.1270704+00:00,rabbitmq,40000,39999.6,-0.001,11.83,4000000,537,0
2026-09-23T17:49:40.5881362+00:00,rabbitmq,10000,9999.9,-0.001,9.71,1000000,134,0
2026-09-23T17:51:39.9555019+00:00,kafka,40000,39999.3,-0.002,4.50,4000000,537,0
2026-09-23T17:53:38.9229473+00:00,kafka,40000,39999.3,-0.002,4.24,4000000,537,0
2026-09-23T17:55:34.4567316+00:00,rabbitmq,10000,9999.9,-0.001,8.09,1000000,134,0
2026-09-23T17:57:29.9335563+00:00,rabbitmq,20000,19999.9,-0.001,7.78,2000000,268,0
2026-09-23T17:59:29.1959647+00:00,kafka,60000,59998.7,-0.002,5.82,6000000,805,0
2026-09-23T18:01:29.0106821+00:00,kafka,60000,59999.1,-0.001,5.73,6000000,805,0
2026-09-23T18:03:24.3838476+00:00,rabbitmq,60000,59998.4,-0.003,24.37,6000000,805,0
2026-09-23T18:05:23.4226291+00:00,kafka,10000,9999.8,-0.002,7.18,1000000,134,0
2026-09-23T18:07:22.3781526+00:00,kafka,40000,39999.3,-0.002,6.12,4000000,537,0
2026-09-23T18:09:21.6937313+00:00,kafka,10000,9999.8,-0.002,5.79,1000000,134,0
2026-09-23T18:11:17.0860356+00:00,rabbitmq,20000,19999.8,-0.001,9.90,2000000,268,0
2026-09-23T18:13:16.0172960+00:00,kafka,10000,9999.8,-0.002,5.51,1000000,134,0
2026-09-23T18:15:11.2212633+00:00,rabbitmq,60000,59997.9,-0.003,29.71,6000000,805,0
2026-09-23T18:17:10.9833150+00:00,kafka,40000,39999.4,-0.002,10.05,4000000,537,0
2026-09-23T18:19:10.2480871+00:00,kafka,10000,9998.8,-0.012,4.32,1000000,134,0
2026-09-23T18:21:05.3704625+00:00,rabbitmq,20000,19999.8,-0.001,10.24,2000000,268,0
2026-09-23T18:23:00.8675675+00:00,rabbitmq,40000,39999.6,-0.001,15.17,4000000,537,0
2026-09-23T18:24:56.3642847+00:00,rabbitmq,10000,9999.9,-0.001,8.83,1000000,134,0
2026-09-23T18:26:55.5718902+00:00,kafka,40000,39995.4,-0.012,4.93,4000000,537,0
2026-09-23T18:28:54.7907203+00:00,kafka,10000,9999.8,-0.002,4.23,1000000,134,0
2026-09-23T18:30:54.0901275+00:00,kafka,40000,39995.3,-0.012,4.70,4000000,537,0
2026-09-23T18:32:49.5682165+00:00,rabbitmq,40000,39997.3,-0.007,10.09,4000000,537,0
2026-09-23T18:34:48.9784377+00:00,kafka,10000,9999.8,-0.002,4.60,1000000,134,0
2026-09-23T18:36:44.0988090+00:00,rabbitmq,20000,19999.5,-0.003,9.31,2000000,268,0
2026-09-23T18:38:39.6529723+00:00,rabbitmq,40000,39999.7,-0.001,11.82,4000000,537,0
2026-09-23T18:40:35.1935115+00:00,rabbitmq,20000,19999.8,-0.001,8.02,2000000,268,0
2026-09-23T18:42:30.7938400+00:00,rabbitmq,60000,59998.7,-0.002,18.96,6000000,805,0
2026-09-23T18:44:25.8624923+00:00,rabbitmq,20000,19999.8,-0.001,8.51,2000000,268,0
2026-09-23T18:46:20.9463272+00:00,rabbitmq,10000,9999.9,-0.001,8.16,1000000,134,0
2026-09-23T18:48:20.0586807+00:00,kafka,40000,39999.2,-0.002,4.37,4000000,537,0
2026-09-23T18:50:15.5615451+00:00,rabbitmq,20000,19999.6,-0.002,8.81,2000000,268,0
2026-09-23T18:52:14.8262671+00:00,kafka,20000,19997.7,-0.012,8.97,2000000,268,0
2026-09-23T18:54:09.9560727+00:00,rabbitmq,10000,9999.7,-0.003,7.55,1000000,134,0
2026-09-23T18:56:08.9154592+00:00,kafka,60000,59998.8,-0.002,4.31,6000000,805,0
2026-09-23T18:58:08.1822458+00:00,kafka,10000,9999.8,-0.002,5.03,1000000,134,0
2026-09-23T19:00:03.7125415+00:00,rabbitmq,10000,9999.9,-0.001,7.99,1000000,134,0
2026-09-23T19:02:02.8251329+00:00,kafka,10000,9999.8,-0.002,5.41,1000000,134,0
2026-09-23T19:03:58.2030259+00:00,rabbitmq,60000,59999.2,-0.001,25.87,6000000,805,0
2026-09-23T19:05:53.5742067+00:00,rabbitmq,40000,39996.4,-0.009,7.89,4000000,537,0
2026-09-23T19:07:52.5569011+00:00,kafka,20000,19999.7,-0.001,4.54,2000000,268,0
2026-09-23T19:09:47.5771697+00:00,rabbitmq,40000,39999.0,-0.003,12.85,4000000,537,0
2026-09-23T19:11:46.4836670+00:00,kafka,60000,59998.8,-0.002,4.57,6000000,805,0
2026-09-23T19:13:45.5228440+00:00,kafka,60000,59998.6,-0.002,6.03,6000000,805,0
2026-09-23T19:15:41.9145691+00:00,rabbitmq,40000,39999.4,-0.001,16.77,4000000,537,0
2026-09-23T19:17:37.0071185+00:00,rabbitmq,10000,9999.9,-0.001,11.35,1000000,134,0
2026-09-23T19:19:32.1540973+00:00,rabbitmq,60000,59999.2,-0.001,29.45,6000000,805,0
2026-09-23T19:21:28.1358936+00:00,rabbitmq,10000,9999.9,-0.001,9.13,1000000,134,0
2026-09-23T19:23:23.4511390+00:00,rabbitmq,20000,19999.8,-0.001,11.44,2000000,268,0
2026-09-23T19:25:22.5000172+00:00,kafka,20000,19999.6,-0.002,5.42,2000000,268,0
2026-09-23T19:27:18.1013168+00:00,rabbitmq,10000,9999.9,-0.001,7.76,1000000,134,0
2026-09-23T19:29:13.1950069+00:00,rabbitmq,20000,19999.8,-0.001,9.71,2000000,268,0
2026-09-23T19:31:12.8171476+00:00,kafka,20000,19999.7,-0.002,5.94,2000000,268,0
2026-09-23T19:33:08.4988341+00:00,rabbitmq,20000,19999.9,-0.001,8.92,2000000,268,0
2026-09-23T19:35:08.2221003+00:00,kafka,60000,59998.7,-0.002,10.37,6000000,805,0
2026-09-23T19:37:04.1975635+00:00,rabbitmq,40000,39999.6,-0.001,10.71,4000000,537,0
2026-09-23T19:39:03.3487374+00:00,kafka,60000,59998.6,-0.002,7.52,6000000,805,0
2026-09-23T19:40:58.5874180+00:00,rabbitmq,60000,59998.3,-0.003,26.76,6000000,805,0
2026-09-23T19:42:58.1540743+00:00,kafka,10000,9999.8,-0.002,6.95,1000000,134,0
2026-09-23T19:44:57.3728624+00:00,kafka,40000,39995.4,-0.011,5.47,4000000,537,0
2026-09-23T19:46:52.6987792+00:00,rabbitmq,10000,9999.9,-0.001,7.56,1000000,134,0
2026-09-23T19:48:51.8609070+00:00,kafka,60000,59999.0,-0.002,4.90,6000000,805,0
2026-09-23T19:50:46.9226430+00:00,rabbitmq,10000,9999.9,-0.001,8.20,1000000,134,0
2026-09-23T19:52:42.0030316+00:00,rabbitmq,20000,19999.8,-0.001,9.01,2000000,268,0
2026-09-23T19:54:37.6571610+00:00,rabbitmq,40000,39999.7,-0.001,8.30,4000000,537,0
2026-09-23T19:56:36.6691095+00:00,kafka,10000,9999.8,-0.002,4.10,1000000,134,0
2026-09-23T19:58:32.0784048+00:00,rabbitmq,60000,59997.5,-0.004,22.86,6000000,805,0
2026-09-23T20:00:27.7440084+00:00,rabbitmq,40000,39999.6,-0.001,7.89,4000000,537,0
2026-09-23T20:02:23.5738908+00:00,rabbitmq,10000,9999.6,-0.004,7.61,1000000,134,0
2026-09-23T20:04:22.6743827+00:00,kafka,40000,39999.1,-0.002,4.56,4000000,537,0
2026-09-23T20:06:21.6563869+00:00,kafka,20000,19999.7,-0.002,4.55,2000000,268,0
2026-09-23T20:08:16.7358231+00:00,rabbitmq,40000,39999.4,-0.001,9.58,4000000,537,0
2026-09-23T20:10:16.0806043+00:00,kafka,20000,19999.6,-0.002,4.95,2000000,268,0
2026-09-23T20:12:15.0980948+00:00,kafka,10000,9999.8,-0.002,5.10,1000000,134,0
2026-09-23T20:14:10.1344946+00:00,rabbitmq,60000,59999.0,-0.002,23.92,6000000,805,0
2026-09-23T20:16:05.2257784+00:00,rabbitmq,40000,39999.6,-0.001,10.22,4000000,537,0
2026-09-23T20:18:05.1002132+00:00,kafka,20000,19999.6,-0.002,4.65,2000000,268,0
2026-09-23T20:20:04.0264163+00:00,kafka,60000,59998.7,-0.002,5.62,6000000,805,0
2026-09-23T20:22:03.2553285+00:00,kafka,10000,9998.8,-0.012,5.34,1000000,134,0
2026-09-23T20:23:58.4831850+00:00,rabbitmq,10000,9999.9,-0.001,7.37,1000000,134,0
2026-09-23T20:25:57.4944498+00:00,kafka,10000,9998.8,-0.012,5.49,1000000,134,0
2026-09-23T20:27:52.5766224+00:00,rabbitmq,60000,59999.1,-0.001,29.92,6000000,805,0
2026-09-23T20:29:48.3969501+00:00,rabbitmq,60000,59998.6,-0.002,21.77,6000000,805,0
2026-09-23T20:31:44.1679578+00:00,rabbitmq,60000,59998.7,-0.002,32.76,6000000,805,0
2026-09-23T20:33:43.9747020+00:00,kafka,20000,19999.7,-0.001,4.79,2000000,268,0
2026-09-23T20:35:42.9385157+00:00,kafka,10000,9999.8,-0.002,4.89,1000000,134,0
2026-09-23T20:37:41.9790519+00:00,kafka,60000,59998.9,-0.002,4.56,6000000,805,0
2026-09-23T20:39:37.1402976+00:00,rabbitmq,10000,9999.9,-0.001,11.33,1000000,134,0
2026-09-23T20:41:36.1167239+00:00,kafka,40000,39999.2,-0.002,4.85,4000000,537,0
2026-09-23T20:43:31.2954355+00:00,rabbitmq,20000,19999.8,-0.001,8.13,2000000,268,0
2026-09-23T20:45:30.2634373+00:00,kafka,40000,39999.1,-0.002,4.32,4000000,537,0
2026-09-23T20:47:30.0850208+00:00,kafka,200000,199975.6,-0.012,6.92,20000000,2683,0
2026-09-23T20:49:32.1961547+00:00,kafka,100000,99997.7,-0.002,8.61,10000000,1341,0
2026-09-23T20:51:31.7751763+00:00,kafka,400000,399987.4,-0.003,136.37,40000000,5366,0
2026-09-23T20:53:38.9696289+00:00,kafka,400000,399611.5,-0.097,156.24,40000000,5366,0
2026-09-23T20:55:44.4258497+00:00,kafka,400000,399991.5,-0.002,40.34,40000000,5366,0
2026-09-23T20:57:49.3776305+00:00,kafka,200000,199995.8,-0.002,8.73,20000000,2683,0
2026-09-23T20:59:48.4889577+00:00,kafka,100000,99998.2,-0.002,4.66,10000000,1341,0
2026-09-23T21:01:47.7909954+00:00,kafka,400000,399475.8,-0.131,197.48,40000000,5366,0
2026-09-23T21:03:48.4031812+00:00,kafka,100000,99998.2,-0.002,4.24,10000000,1341,0
2026-09-23T21:05:47.4925014+00:00,kafka,100000,99997.9,-0.002,5.36,10000000,1341,0
2026-09-23T21:09:57.2761195+00:00,kafka,400000,393522.4,-1.619,1655.52,40000000,5366,0
2026-09-23T21:12:01.6337559+00:00,kafka,400000,399950.3,-0.012,34.81,40000000,5366,0
2026-09-23T21:14:06.4944109+00:00,kafka,400000,399990.0,-0.002,39.76,40000000,5366,0
2026-09-23T21:16:12.3021112+00:00,kafka,200000,199996.1,-0.002,9.30,20000000,2683,0
2026-09-23T21:18:11.8564310+00:00,kafka,100000,99998.5,-0.002,5.01,10000000,1341,0
2026-09-23T21:20:12.1507237+00:00,kafka,400000,399949.1,-0.013,722.33,40000000,5366,0
2026-09-23T21:22:17.5432172+00:00,kafka,200000,199996.9,-0.002,9.80,20000000,2683,0
2026-09-23T21:24:17.8519781+00:00,kafka,200000,199996.4,-0.002,8.05,20000000,2683,0
2026-09-23T21:26:17.5327636+00:00,kafka,100000,99998.1,-0.002,4.56,10000000,1341,0
2026-09-23T21:28:16.7329369+00:00,kafka,200000,199995.9,-0.002,12.79,20000000,2683,0
2026-09-23T21:30:16.2260241+00:00,kafka,200000,199996.3,-0.002,11.63,20000000,2683,0
2026-09-23T21:32:16.3759315+00:00,kafka,200000,199996.4,-0.002,13.02,20000000,2683,0
2026-09-23T21:34:17.8345938+00:00,kafka,400000,399988.5,-0.003,599.06,40000000,5366,0
2026-09-23T21:36:21.4716878+00:00,kafka,400000,391911.7,-2.022,145.54,40000000,5366,0
2026-09-23T21:38:26.7186666+00:00,kafka,100000,99998.1,-0.002,5.79,10000000,1341,0
2026-09-23T21:40:26.0773246+00:00,kafka,200000,199995.9,-0.002,12.55,20000000,2683,0
2026-09-23T21:42:25.4450836+00:00,kafka,100000,99998.1,-0.002,4.60,10000000,1341,0
2026-09-23T21:44:24.4432272+00:00,kafka,100000,99998.1,-0.002,7.13,10000000,1341,0
2026-09-23T21:46:23.6598824+00:00,kafka,100000,99998.3,-0.002,9.48,10000000,1341,0
2026-09-23T21:48:22.8993738+00:00,kafka,100000,99998.3,-0.002,13.85,10000000,1341,0
2026-09-23T21:50:22.6241252+00:00,kafka,100000,99998.4,-0.002,14.88,10000000,1341,0
2026-09-23T21:52:21.9447763+00:00,kafka,100000,99998.2,-0.002,4.39,10000000,1341,0
2026-09-23T21:54:21.0549524+00:00,kafka,100000,99998.2,-0.002,4.53,10000000,1341,0
2026-09-23T21:56:20.0085542+00:00,kafka,200000,199975.7,-0.012,8.92,20000000,2683,0
2026-09-23T21:58:19.6684146+00:00,kafka,200000,199976.6,-0.012,16.37,20000000,2683,0
2026-09-23T22:00:19.1733376+00:00,kafka,400000,399989.6,-0.003,62.89,40000000,5366,0
2026-09-23T22:02:19.8131257+00:00,kafka,200000,199975.8,-0.012,19.48,20000000,2683,0
2026-09-23T22:04:19.5885033+00:00,kafka,200000,199995.8,-0.002,16.13,20000000,2683,0
2026-09-23T22:06:20.6320766+00:00,kafka,400000,393874.3,-1.531,1479.36,40000000,5366,0
2026-09-23T22:08:32.2488590+00:00,kafka,400000,399015.2,-0.246,188.28,40000000,5366,0
2026-09-23T22:10:35.4960819+00:00,kafka,200000,199996.3,-0.002,9.70,20000000,2683,0
2026-09-23T22:12:34.7010947+00:00,kafka,200000,199995.0,-0.002,12.31,20000000,2683,0
2026-09-23T22:14:33.9352545+00:00,kafka,400000,399990.9,-0.002,40.86,40000000,5366,0
2026-09-23T22:16:51.5374781+00:00,kafka,100000,99998.3,-0.002,7.69,10000000,1341,0
