timestamp,architecture,partitions,synthetic_cost_us,events,seconds,throughput,mean_us,p50_us,p95_us,p99_us,max_us,windows,digest_hash
2026-09-23T03:59:04.9101587+00:00,kafka-direct,4,0,200000,17,668,11319,6,25609,9,25567,45727,49279,63199,48240,FB2D7BBAED368BF0
2026-09-23T03:59:26.8872467+00:00,kafka-channels,4,0,200000,17,615,11354,1,3923,2,3713,6123,7019,65535,48240,FB2D7BBAED368BF0
2026-09-23T03:59:48.9083271+00:00,kafka-pipelines,4,0,200000,17,720,11286,5,3903,4,3621,6031,12727,70143,48240,FB2D7BBAED368BF0
2026-09-23T04:00:37.7767135+00:00,rabbitmq-channels,4,0,200000,17,736,11276,3,1613,8,1276,3001,9223,23055,48240,FB2D7BBAED368BF0
2026-09-23T04:00:59.5587399+00:00,rabbitmq-pipelines,4,0,200000,18,013,11103,3,1789,4,1339,3535,11959,31087,48240,FB2D7BBAED368BF0
2026-09-23T04:01:51.4879790+00:00,rabbitmq-direct,4,0,200000,17,021,11750,4,1633,3,1266,2917,10455,26655,48240,FB2D7BBAED368BF0
2026-09-23T04:09:48.2574950+00:00,e4cef735-9ffa-4938-a353-e599cba92953,kafka-channels,4,20000,1,0,1,200000,13,477,14840,6,515746,9,35743,2641919,3035135,3133439,23,7,219,3,75,8,80,1,8,1,0,82,48240,FB2D7BBAED368BF0
2026-09-23T04:10:44.7332348+00:00,54b52ad9-e794-474f-a3f0-be9dbdcd9a70,kafka-channels,4,0,1,0,0,200000,17,629,11345,2,25403,4,25343,45631,49247,61311,14,4,65,1,57,0,62,8,8,1,0,77,48240,FB2D7BBAED368BF0
2026-09-23T04:12:58.4810526+00:00,3c8dd185-91a7-47d1-ac2f-bcfe10e54b92,kafka-channels,4,20000,1,0,1,200000,9,937,20127,0,3674,0,3481,5859,6623,63103,18,8,100,2,75,0,79,2,8,1,0,79,48240,FB2D7BBAED368BF0
